collection,level,mode,actions,actionShare,denominator
Studio V1,1,Directions,35,0.49295774647887325,71
Studio V1,1,Action button,15,0.2112676056338028,71
Studio V1,1,Click,21,0.29577464788732394,71
Studio V1,1,Undo,0,0.0,71
Studio V1,2,Directions,98,0.6086956521739131,161
Studio V1,2,Action button,25,0.15527950310559005,161
Studio V1,2,Click,38,0.2360248447204969,161
Studio V1,2,Undo,0,0.0,161
Studio V1,3,Directions,174,0.6304347826086957,276
Studio V1,3,Action button,35,0.12681159420289856,276
Studio V1,3,Click,67,0.2427536231884058,276
Studio V1,3,Undo,0,0.0,276
Studio V1,4,Directions,174,0.5761589403973509,302
Studio V1,4,Action button,38,0.12582781456953643,302
Studio V1,4,Click,90,0.2980132450331126,302
Studio V1,4,Undo,0,0.0,302
Studio V1,5,Directions,195,0.4936708860759494,395
Studio V1,5,Action button,62,0.1569620253164557,395
Studio V1,5,Click,134,0.3392405063291139,395
Studio V1,5,Undo,4,0.010126582278481013,395
Studio V1,6,Directions,285,0.5297397769516728,538
Studio V1,6,Action button,67,0.12453531598513011,538
Studio V1,6,Click,186,0.34572490706319703,538
Studio V1,6,Undo,0,0.0,538
Studio V1,7,Directions,308,0.5124792013311148,601
Studio V1,7,Action button,90,0.1497504159733777,601
Studio V1,7,Click,200,0.33277870216306155,601
Studio V1,7,Undo,3,0.004991680532445923,601
Studio V2,1,Directions,24,0.46153846153846156,52
Studio V2,1,Action button,10,0.19230769230769232,52
Studio V2,1,Click,18,0.34615384615384615,52
Studio V2,1,Undo,0,0.0,52
Studio V2,2,Directions,40,0.547945205479452,73
Studio V2,2,Action button,11,0.1506849315068493,73
Studio V2,2,Click,22,0.3013698630136986,73
Studio V2,2,Undo,0,0.0,73
Studio V2,3,Directions,97,0.5773809523809523,168
Studio V2,3,Action button,22,0.13095238095238096,168
Studio V2,3,Click,48,0.2857142857142857,168
Studio V2,3,Undo,1,0.005952380952380952,168
Studio V2,4,Directions,148,0.6218487394957983,238
Studio V2,4,Action button,38,0.15966386554621848,238
Studio V2,4,Click,51,0.21428571428571427,238
Studio V2,4,Undo,1,0.004201680672268907,238
Studio V2,5,Directions,169,0.6575875486381323,257
Studio V2,5,Action button,33,0.12840466926070038,257
Studio V2,5,Click,55,0.2140077821011673,257
Studio V2,5,Undo,0,0.0,257
Studio V2,6,Directions,272,0.5787234042553191,470
Studio V2,6,Action button,73,0.15531914893617021,470
Studio V2,6,Click,54,0.1148936170212766,470
Studio V2,6,Undo,71,0.15106382978723404,470
Studio V2,7,Directions,306,0.6348547717842323,482
Studio V2,7,Action button,79,0.16390041493775934,482
Studio V2,7,Click,92,0.1908713692946058,482
Studio V2,7,Undo,5,0.01037344398340249,482
NVIDIA,1,Directions,119,0.483739837398374,246
NVIDIA,1,Action button,0,0.0,246
NVIDIA,1,Click,127,0.516260162601626,246
NVIDIA,1,Undo,0,0.0,246
NVIDIA,2,Directions,183,0.48031496062992124,381
NVIDIA,2,Action button,0,0.0,381
NVIDIA,2,Click,198,0.5196850393700787,381
NVIDIA,2,Undo,0,0.0,381
NVIDIA,3,Directions,198,0.518324607329843,382
NVIDIA,3,Action button,0,0.0,382
NVIDIA,3,Click,184,0.4816753926701571,382
NVIDIA,3,Undo,0,0.0,382
NVIDIA,4,Directions,241,0.5644028103044496,427
NVIDIA,4,Action button,0,0.0,427
NVIDIA,4,Click,186,0.43559718969555034,427
NVIDIA,4,Undo,0,0.0,427
NVIDIA,5,Directions,285,0.5200729927007299,548
NVIDIA,5,Action button,0,0.0,548
NVIDIA,5,Click,263,0.47992700729927007,548
NVIDIA,5,Undo,0,0.0,548
NVIDIA,6,Directions,259,0.5253549695740365,493
NVIDIA,6,Action button,0,0.0,493
NVIDIA,6,Click,234,0.4746450304259635,493
NVIDIA,6,Undo,0,0.0,493
NVIDIA,7,Directions,252,0.4606946983546618,547
NVIDIA,7,Action button,0,0.0,547
NVIDIA,7,Click,295,0.5393053016453382,547
NVIDIA,7,Undo,0,0.0,547
NVIDIA,8,Directions,320,0.4976671850699845,643
NVIDIA,8,Action button,1,0.0015552099533437014,643
NVIDIA,8,Click,322,0.5007776049766719,643
NVIDIA,8,Undo,0,0.0,643
Official humans,1,Directions,8389,0.6071506115654628,13817
Official humans,1,Action button,674,0.04878048780487805,13817
Official humans,1,Click,4692,0.3395816747484982,13817
Official humans,1,Undo,62,0.004487225881160889,13817
Official humans,2,Directions,15302,0.6101519199330117,25079
Official humans,2,Action button,857,0.034172016428087246,25079
Official humans,2,Click,8865,0.3534829937397823,25079
Official humans,2,Undo,55,0.002193069899118785,25079
Official humans,3,Directions,14951,0.6369717109747784,23472
Official humans,3,Action button,1067,0.04545841854124063,23472
Official humans,3,Click,7443,0.317101226993865,23472
Official humans,3,Undo,11,0.00046864349011588275,23472
Official humans,4,Directions,13343,0.6361079328756675,20976
Official humans,4,Action button,689,0.032847063310450036,20976
Official humans,4,Click,6887,0.3283276125095347,20976
Official humans,4,Undo,57,0.002717391304347826,20976
Official humans,5,Directions,20160,0.6625694284681368,30427
Official humans,5,Action button,948,0.031156538600585006,30427
Official humans,5,Click,9265,0.3044992933907385,30427
Official humans,5,Undo,54,0.0017747395405396523,30427
Official humans,6,Directions,16113,0.6730857596390827,23939
Official humans,6,Action button,687,0.028697940599022517,23939
Official humans,6,Click,7126,0.2976732528509963,23939
Official humans,6,Undo,13,0.0005430469108985337,23939
Official humans,7,Directions,13328,0.6959427706125006,19151
Official humans,7,Action button,381,0.019894522479243903,19151
Official humans,7,Click,5436,0.2838494073416532,19151
Official humans,7,Undo,6,0.0003132995666022662,19151
Official humans,8,Directions,7742,0.611387506909895,12663
Official humans,8,Action button,347,0.02740266919371397,12663
Official humans,8,Click,4424,0.34936428966279715,12663
Official humans,8,Undo,150,0.011845534233593935,12663
Official humans,9,Directions,4632,0.6747268754552076,6865
Official humans,9,Action button,459,0.06686088856518572,6865
Official humans,9,Click,1764,0.25695557174071376,6865
Official humans,9,Undo,10,0.0014566642388929353,6865
Official humans,10,Directions,1094,0.7131681877444589,1534
Official humans,10,Action button,0,0.0,1534
Official humans,10,Click,440,0.28683181225554105,1534
Official humans,10,Undo,0,0.0,1534
