collection,x,y,count,clickShare
Studio V1,0–7,0–7,0,0.0
Studio V1,8–15,0–7,0,0.0
Studio V1,16–23,0–7,0,0.0
Studio V1,24–31,0–7,0,0.0
Studio V1,32–39,0–7,0,0.0
Studio V1,40–47,0–7,0,0.0
Studio V1,48–55,0–7,0,0.0
Studio V1,56–63,0–7,0,0.0
Studio V1,0–7,8–15,0,0.0
Studio V1,8–15,8–15,12,0.016304347826086956
Studio V1,16–23,8–15,13,0.017663043478260868
Studio V1,24–31,8–15,8,0.010869565217391304
Studio V1,32–39,8–15,11,0.014945652173913044
Studio V1,40–47,8–15,5,0.006793478260869565
Studio V1,48–55,8–15,9,0.012228260869565218
Studio V1,56–63,8–15,4,0.005434782608695652
Studio V1,0–7,16–23,5,0.006793478260869565
Studio V1,8–15,16–23,16,0.021739130434782608
Studio V1,16–23,16–23,14,0.019021739130434784
Studio V1,24–31,16–23,9,0.012228260869565218
Studio V1,32–39,16–23,18,0.024456521739130436
Studio V1,40–47,16–23,12,0.016304347826086956
Studio V1,48–55,16–23,17,0.02309782608695652
Studio V1,56–63,16–23,1,0.001358695652173913
Studio V1,0–7,24–31,3,0.004076086956521739
Studio V1,8–15,24–31,37,0.050271739130434784
Studio V1,16–23,24–31,17,0.02309782608695652
Studio V1,24–31,24–31,25,0.033967391304347824
Studio V1,32–39,24–31,15,0.020380434782608696
Studio V1,40–47,24–31,8,0.010869565217391304
Studio V1,48–55,24–31,14,0.019021739130434784
Studio V1,56–63,24–31,0,0.0
Studio V1,0–7,32–39,1,0.001358695652173913
Studio V1,8–15,32–39,61,0.08288043478260869
Studio V1,16–23,32–39,28,0.03804347826086957
Studio V1,24–31,32–39,17,0.02309782608695652
Studio V1,32–39,32–39,55,0.07472826086956522
Studio V1,40–47,32–39,11,0.014945652173913044
Studio V1,48–55,32–39,47,0.06385869565217392
Studio V1,56–63,32–39,1,0.001358695652173913
Studio V1,0–7,40–47,0,0.0
Studio V1,8–15,40–47,21,0.028532608695652172
Studio V1,16–23,40–47,23,0.03125
Studio V1,24–31,40–47,36,0.04891304347826087
Studio V1,32–39,40–47,23,0.03125
Studio V1,40–47,40–47,18,0.024456521739130436
Studio V1,48–55,40–47,12,0.016304347826086956
Studio V1,56–63,40–47,0,0.0
Studio V1,0–7,48–55,0,0.0
Studio V1,8–15,48–55,9,0.012228260869565218
Studio V1,16–23,48–55,11,0.014945652173913044
Studio V1,24–31,48–55,28,0.03804347826086957
Studio V1,32–39,48–55,13,0.017663043478260868
Studio V1,40–47,48–55,15,0.020380434782608696
Studio V1,48–55,48–55,11,0.014945652173913044
Studio V1,56–63,48–55,0,0.0
Studio V1,0–7,56–63,0,0.0
Studio V1,8–15,56–63,18,0.024456521739130436
Studio V1,16–23,56–63,0,0.0
Studio V1,24–31,56–63,0,0.0
Studio V1,32–39,56–63,0,0.0
Studio V1,40–47,56–63,1,0.001358695652173913
Studio V1,48–55,56–63,3,0.004076086956521739
Studio V1,56–63,56–63,0,0.0
Studio V2,0–7,0–7,0,0.0
Studio V2,8–15,0–7,0,0.0
Studio V2,16–23,0–7,0,0.0
Studio V2,24–31,0–7,7,0.020588235294117647
Studio V2,32–39,0–7,7,0.020588235294117647
Studio V2,40–47,0–7,0,0.0
Studio V2,48–55,0–7,1,0.0029411764705882353
Studio V2,56–63,0–7,0,0.0
Studio V2,0–7,8–15,6,0.01764705882352941
Studio V2,8–15,8–15,5,0.014705882352941176
Studio V2,16–23,8–15,11,0.03235294117647059
Studio V2,24–31,8–15,15,0.04411764705882353
Studio V2,32–39,8–15,9,0.026470588235294117
Studio V2,40–47,8–15,10,0.029411764705882353
Studio V2,48–55,8–15,12,0.03529411764705882
Studio V2,56–63,8–15,2,0.0058823529411764705
Studio V2,0–7,16–23,0,0.0
Studio V2,8–15,16–23,5,0.014705882352941176
Studio V2,16–23,16–23,12,0.03529411764705882
Studio V2,24–31,16–23,6,0.01764705882352941
Studio V2,32–39,16–23,6,0.01764705882352941
Studio V2,40–47,16–23,7,0.020588235294117647
Studio V2,48–55,16–23,0,0.0
Studio V2,56–63,16–23,0,0.0
Studio V2,0–7,24–31,0,0.0
Studio V2,8–15,24–31,7,0.020588235294117647
Studio V2,16–23,24–31,8,0.023529411764705882
Studio V2,24–31,24–31,15,0.04411764705882353
Studio V2,32–39,24–31,1,0.0029411764705882353
Studio V2,40–47,24–31,7,0.020588235294117647
Studio V2,48–55,24–31,0,0.0
Studio V2,56–63,24–31,1,0.0029411764705882353
Studio V2,0–7,32–39,6,0.01764705882352941
Studio V2,8–15,32–39,4,0.011764705882352941
Studio V2,16–23,32–39,8,0.023529411764705882
Studio V2,24–31,32–39,11,0.03235294117647059
Studio V2,32–39,32–39,7,0.020588235294117647
Studio V2,40–47,32–39,6,0.01764705882352941
Studio V2,48–55,32–39,9,0.026470588235294117
Studio V2,56–63,32–39,4,0.011764705882352941
Studio V2,0–7,40–47,2,0.0058823529411764705
Studio V2,8–15,40–47,11,0.03235294117647059
Studio V2,16–23,40–47,12,0.03529411764705882
Studio V2,24–31,40–47,14,0.041176470588235294
Studio V2,32–39,40–47,13,0.03823529411764706
Studio V2,40–47,40–47,17,0.05
Studio V2,48–55,40–47,5,0.014705882352941176
Studio V2,56–63,40–47,1,0.0029411764705882353
Studio V2,0–7,48–55,0,0.0
Studio V2,8–15,48–55,5,0.014705882352941176
Studio V2,16–23,48–55,1,0.0029411764705882353
Studio V2,24–31,48–55,10,0.029411764705882353
Studio V2,32–39,48–55,8,0.023529411764705882
Studio V2,40–47,48–55,10,0.029411764705882353
Studio V2,48–55,48–55,12,0.03529411764705882
Studio V2,56–63,48–55,0,0.0
Studio V2,0–7,56–63,0,0.0
Studio V2,8–15,56–63,0,0.0
Studio V2,16–23,56–63,2,0.0058823529411764705
Studio V2,24–31,56–63,0,0.0
Studio V2,32–39,56–63,0,0.0
Studio V2,40–47,56–63,2,0.0058823529411764705
Studio V2,48–55,56–63,0,0.0
Studio V2,56–63,56–63,0,0.0
NVIDIA,0–7,0–7,4,0.002211166390270868
NVIDIA,8–15,0–7,7,0.003869541182974019
NVIDIA,16–23,0–7,3,0.001658374792703151
NVIDIA,24–31,0–7,1,0.000552791597567717
NVIDIA,32–39,0–7,2,0.001105583195135434
NVIDIA,40–47,0–7,6,0.003316749585406302
NVIDIA,48–55,0–7,3,0.001658374792703151
NVIDIA,56–63,0–7,3,0.001658374792703151
NVIDIA,0–7,8–15,16,0.008844665561083471
NVIDIA,8–15,8–15,52,0.028745163073521283
NVIDIA,16–23,8–15,40,0.02211166390270868
NVIDIA,24–31,8–15,41,0.022664455500276397
NVIDIA,32–39,8–15,23,0.01271420674405749
NVIDIA,40–47,8–15,29,0.016030956329463792
NVIDIA,48–55,8–15,32,0.017689331122166942
NVIDIA,56–63,8–15,6,0.003316749585406302
NVIDIA,0–7,16–23,22,0.012161415146489774
NVIDIA,8–15,16–23,95,0.05251520176893311
NVIDIA,16–23,16–23,67,0.037037037037037035
NVIDIA,24–31,16–23,46,0.02542841348811498
NVIDIA,32–39,16–23,87,0.04809286898839138
NVIDIA,40–47,16–23,48,0.026533996683250415
NVIDIA,48–55,16–23,77,0.04256495301271421
NVIDIA,56–63,16–23,17,0.009397457158651189
NVIDIA,0–7,24–31,18,0.009950248756218905
NVIDIA,8–15,24–31,41,0.022664455500276397
NVIDIA,16–23,24–31,50,0.027639579878385848
NVIDIA,24–31,24–31,88,0.048645660585959094
NVIDIA,32–39,24–31,71,0.03924820342730791
NVIDIA,40–47,24–31,39,0.02155887230514096
NVIDIA,48–55,24–31,27,0.014925373134328358
NVIDIA,56–63,24–31,10,0.00552791597567717
NVIDIA,0–7,32–39,15,0.008291873963515755
NVIDIA,8–15,32–39,32,0.017689331122166942
NVIDIA,16–23,32–39,39,0.02155887230514096
NVIDIA,24–31,32–39,50,0.027639579878385848
NVIDIA,32–39,32–39,45,0.024875621890547265
NVIDIA,40–47,32–39,46,0.02542841348811498
NVIDIA,48–55,32–39,27,0.014925373134328358
NVIDIA,56–63,32–39,6,0.003316749585406302
NVIDIA,0–7,40–47,9,0.004975124378109453
NVIDIA,8–15,40–47,37,0.02045328911000553
NVIDIA,16–23,40–47,17,0.009397457158651189
NVIDIA,24–31,40–47,43,0.02377003869541183
NVIDIA,32–39,40–47,32,0.017689331122166942
NVIDIA,40–47,40–47,30,0.01658374792703151
NVIDIA,48–55,40–47,28,0.015478164731896076
NVIDIA,56–63,40–47,0,0.0
NVIDIA,0–7,48–55,0,0.0
NVIDIA,8–15,48–55,35,0.019347705914870093
NVIDIA,16–23,48–55,29,0.016030956329463792
NVIDIA,24–31,48–55,38,0.021006080707573246
NVIDIA,32–39,48–55,42,0.02321724709784411
NVIDIA,40–47,48–55,33,0.01824212271973466
NVIDIA,48–55,48–55,33,0.01824212271973466
NVIDIA,56–63,48–55,0,0.0
NVIDIA,0–7,56–63,4,0.002211166390270868
NVIDIA,8–15,56–63,13,0.007186290768380321
NVIDIA,16–23,56–63,21,0.011608623548922056
NVIDIA,24–31,56–63,11,0.006080707573244887
NVIDIA,32–39,56–63,7,0.003869541182974019
NVIDIA,40–47,56–63,12,0.006633499170812604
NVIDIA,48–55,56–63,3,0.001658374792703151
NVIDIA,56–63,56–63,1,0.000552791597567717
Official humans,0–7,0–7,53,0.0009406002094166503
Official humans,8–15,0–7,252,0.004472287788169734
Official humans,16–23,0–7,103,0.0018279588975455658
Official humans,24–31,0–7,244,0.004330310398069108
Official humans,32–39,0–7,294,0.005217669086198023
Official humans,40–47,0–7,223,0.003957619749054963
Official humans,48–55,0–7,225,0.00399311409658012
Official humans,56–63,0–7,75,0.0013310380321933733
Official humans,0–7,8–15,43,0.0007631284717908673
Official humans,8–15,8–15,348,0.006176016469377252
Official humans,16–23,8–15,408,0.00724084689513195
Official humans,24–31,8–15,658,0.011677640335776528
Official humans,32–39,8–15,422,0.007489307327808047
Official humans,40–47,8–15,417,0.007400571458995155
Official humans,48–55,8–15,473,0.00839441318969954
Official humans,56–63,8–15,574,0.010186877739719949
Official humans,0–7,16–23,171,0.003034766713400891
Official humans,8–15,16–23,474,0.008412160363462118
Official humans,16–23,16–23,1479,0.02624806999485332
Official humans,24–31,16–23,1110,0.019699362876461922
Official humans,32–39,16–23,1529,0.027135428682982236
Official humans,40–47,16–23,1166,0.02069320460716631
Official humans,48–55,16–23,662,0.011748629030826841
Official humans,56–63,16–23,444,0.007879745150584769
Official humans,0–7,24–31,305,0.005412887997586384
Official humans,8–15,24–31,1076,0.01909595896853426
Official humans,16–23,24–31,668,0.011855112073402311
Official humans,24–31,24–31,942,0.016717837684348768
Official humans,32–39,24–31,966,0.01714376985465065
Official humans,40–47,24–31,1637,0.029052123449340692
Official humans,48–55,24–31,2087,0.03703835164250093
Official humans,56–63,24–31,761,0.013505599233322093
Official humans,0–7,32–39,515,0.00913979448772783
Official humans,8–15,32–39,1338,0.023745718494329777
Official humans,16–23,32–39,1065,0.0189007400571459
Official humans,24–31,32–39,1249,0.02216622002946031
Official humans,32–39,32–39,2461,0.04367579462970522
Official humans,40–47,32–39,1442,0.025591424565637923
Official humans,48–55,32–39,2036,0.03613324578060944
Official humans,56–63,32–39,739,0.01311516141054537
Official humans,0–7,40–47,278,0.00493371430599677
Official humans,8–15,40–47,529,0.009388254920403925
Official humans,16–23,40–47,976,0.01732124159227643
Official humans,24–31,40–47,2090,0.03709159316378867
Official humans,32–39,40–47,2511,0.044563153317834135
Official humans,40–47,40–47,740,0.01313290858430795
Official humans,48–55,40–47,896,0.015901467691270165
Official humans,56–63,40–47,294,0.005217669086198023
Official humans,0–7,48–55,178,0.003158996929738939
Official humans,8–15,48–55,682,0.012103572506078407
Official humans,16–23,48–55,575,0.010204624913482528
Official humans,24–31,48–55,1848,0.03279677711324472
Official humans,32–39,48–55,1272,0.02257440502599961
Official humans,40–47,48–55,592,0.01050632686744636
Official humans,48–55,48–55,958,0.01700179246455002
Official humans,56–63,48–55,457,0.008110458409498287
Official humans,0–7,56–63,599,0.010630557083784407
Official humans,8–15,56–63,1114,0.019770351571512235
Official humans,16–23,56–63,1000,0.01774717376257831
Official humans,24–31,56–63,2156,0.038262906632118836
Official humans,32–39,56–63,2191,0.038884057713809074
Official humans,40–47,56–63,1309,0.023231050455215008
Official humans,48–55,56–63,1207,0.02142083873143202
Official humans,56–63,56–63,761,0.013505599233322093
