collection,band,count,levelShare,n
Studio V1,1–5,95,0.4523809523809524,210
Studio V1,6–10,49,0.23333333333333334,210
Studio V1,11–20,33,0.15714285714285714,210
Studio V1,21–50,29,0.1380952380952381,210
Studio V1,51–100,4,0.01904761904761905,210
Studio V1,101+,0,0.0,210
Studio V2,1–5,60,0.42857142857142855,140
Studio V2,6–10,39,0.2785714285714286,140
Studio V2,11–20,15,0.10714285714285714,140
Studio V2,21–50,24,0.17142857142857143,140
Studio V2,51–100,1,0.007142857142857143,140
Studio V2,101+,1,0.007142857142857143,140
NVIDIA,1–5,7,0.035,200
NVIDIA,6–10,52,0.26,200
NVIDIA,11–20,84,0.42,200
NVIDIA,21–50,49,0.245,200
NVIDIA,51–100,8,0.04,200
NVIDIA,101+,0,0.0,200
Official humans,1–5,9,0.0055762081784386614,1614
Official humans,6–10,37,0.02292441140024783,1614
Official humans,11–20,197,0.12205700123915737,1614
Official humans,21–50,526,0.32589838909541513,1614
Official humans,51–100,402,0.24907063197026022,1614
Official humans,101+,443,0.27447335811648077,1614
