source,game,title,levels,segments,actions,successful_actions,median_level_actions,late_mean_actions,tutorial_actions,late_short_le10,advertised_modes,observed_modes,planning,discovery,decoding,family,silhouette,review_note,challenge_band
studio,sg01,Keys and Currents,7,7,355,355,51,83.5,6,0,Directions+Action button+Click,Directions+Action button,2,2,2,Navigation and access,Route or network,Consumable keys and currents constrain order; its 86-action ending also contains travel.,Moderate coupling
studio,sg02,Color Conduits,7,7,83,83,8,21,2,0,Directions+Action button+Click,Directions+Action button+Click,2,2,2,Material transformation,Route or network,"Transported color, adjacency and mixing compose; many inputs only move the cursor.",Moderate coupling
studio,sg03,Contact Chain,7,7,19,19,2,4.5,1,2,Action button+Click,Action button+Click,1,1,1,Coupled operators,Open geometry,Prepare contact directions then release; the last level needs only five inputs.,Lower coupling
studio,sg04,Light Relay,7,7,40,40,4,11.5,2,1,Directions+Action button+Click,Directions+Action button+Click,2,3,2,Coupled operators,Route or network,"Reflection is visible but polarity, splitters and relay states require learned rules.",Moderate coupling
studio,sg05,Coupled Garden,7,7,23,23,3,4.5,2,2,Click,Click,1,1,1,Quantity and containment,Open geometry,Shared neighborhoods impose dose constraints; most increments commute.,Lower coupling
studio,sg06,Suspended Weights,7,7,39,39,4,7.5,4,2,Click,Click,2,2,2,Quantity and containment,Containers or quantities,"Countable weights, balance latches and directional access interact.",Moderate coupling
studio,sg07,Layer Press,7,7,68,68,8,18.5,1,0,Directions+Action button+Click,Directions+Action button+Click,2,2,2,Material transformation,Paired panels or programs,"Layer order, masking, peeling and limited tools interact; late control grammar is dense.",Moderate coupling
studio,sg08,Toll Vaults,7,7,63,63,10,13.5,1,0,Directions+Click,Directions,2,2,2,Navigation and access,Route or network,Changing exchange states affect future affordability and return routes.,Moderate coupling
studio,sg09,Spectral Causeway,7,7,189,189,31,28.5,6,0,Directions+Action button+Click,Directions+Action button+Click,3,2,2,Spatial manipulation,Contained lattice,"Whole-body support, turning clearance and visibility-dependent phase changes interact.",Higher coupling
studio,sg10,Charge Rail,7,7,60,60,10,14.5,2,0,Directions+Action button+Click,Directions+Action button+Click,2,2,2,Navigation and access,Route or network,Stored charge survives rewiring; later layouts reuse a routing skeleton.,Moderate coupling
studio,sg11,Shared Loom,7,7,67,67,9,17.5,2,0,Action button+Click,Action button+Click,3,2,2,Coupled operators,Continuous material,Rows compete for a shared crossing phase and limited corrective knots.,Higher coupling
studio,sg12,Thermal Passage,7,7,81,81,10,17,6,0,Directions+Action button+Click,Directions+Action button,3,2,2,Material transformation,Contained lattice,"Pushing, temperature and disappearing support change future access.",Higher coupling
studio,sg13,Turnover Trays,7,7,120,120,16,35,2,0,Directions+Action button+Click,Directions+Action button+Click,3,2,1,Identity and ordering,Containers or quantities,"Packet membership, turnover and finite workspace require temporary staging.",Higher coupling
studio,sg14,Carrying Window,7,7,154,154,17,43.5,2,0,Directions,Directions,3,2,1,Spatial manipulation,Contained lattice,Regrouping and partial carrying preserve competing object placements.,Higher coupling
studio,sg15,Ribbon Fusion,7,7,29,29,4,7,1,2,Directions+Action button+Click,Action button+Click,2,2,1,Identity and ordering,Continuous material,Irreversible adjacent fusion requires order choices; eight fusions can still embody reasoning.,Moderate coupling
studio,sg16,Cut and Fall,7,7,23,23,3,5.5,1,2,Click,Click,2,2,1,Material transformation,Continuous material,Cut order changes support and rigid falling components.,Moderate coupling
studio,sg17,Direction Stations,7,7,100,100,12,28,2,0,Directions+Action button,Directions+Action button,3,2,2,Agency and time,Contained lattice,Station programming and a shared pulse coordinate persistent moving actors.,Higher coupling
studio,sg18,Pivot Reflections,7,7,106,106,7,31.5,1,0,Click,Click,3,2,2,Coupled operators,Contained lattice,Global reflections with selective blocking require moving already-correct pieces.,Higher coupling
studio,sg19,Capacity Ring,7,7,44,44,5,9,1,2,Click,Click,2,2,1,Quantity and containment,Containers or quantities,Capacity-dependent skipping changes subsequent distributions.,Moderate coupling
studio,sg20,Borrowed Hue,7,7,52,52,7,15,1,0,Click,Click,2,3,1,Coupled operators,Open geometry,Nonlocal color replacement is compact but its exact substitution law is unconventional.,Moderate coupling
studio,sg21,Hidden Cups,7,7,35,35,6,8,1,2,Action button+Click,Click,2,2,1,Identity and ordering,Containers or quantities,Hidden identities and local cycles create memory demands largely bypassed by source access.,Moderate coupling
studio,sg22,Slack Tether,7,7,53,53,7,13,1,1,Directions+Click,Directions+Click,2,2,1,Spatial manipulation,Contained lattice,Slack and obstacles couple two bodies; several scenes resemble the dot-field cluster.,Moderate coupling
studio,sg23,Clutch Gears,7,7,31,31,4,8,1,2,Action button+Click,Action button+Click,2,2,1,Coupled operators,Open geometry,Contact transmission and clutch decoupling create order-sensitive adjustments.,Moderate coupling
studio,sg24,Portable Bridge,7,7,199,199,31,33,12,0,Directions+Action button,Directions+Action button,3,1,1,Navigation and access,Continuous material,A reusable bridge changes traversability; total length includes ordinary walking.,Higher coupling
studio,sg25,Gravity Vessel,7,7,53,53,4,18.5,1,0,Directions+Action button,Directions+Action button,3,2,1,Material transformation,Containers or quantities,Gate timing and changes of gravity require preparation and reclosure.,Higher coupling
studio,sg26,Equalizing Basins,7,7,29,29,4,7,1,2,Click,Click,2,2,1,Quantity and containment,Containers or quantities,Conserved redistribution and odd-unit behavior make valve order matter.,Moderate coupling
studio,sg27,Opposed Press,7,7,84,84,8,25,2,0,Directions+Action button,Directions+Action button,3,2,1,Spatial manipulation,Open geometry,Changing tool orientation and folding create different reachable cargo contacts.,Higher coupling
studio,sg28,Collision Lane,7,7,55,55,5,18,2,1,Action button+Click,Action button+Click,3,2,1,Agency and time,Route or network,Interventions alter future runner collisions and timing rather than just endpoints.,Higher coupling
studio,sg29,Two-Ended Convoy,7,7,66,66,7,16.5,3,0,Directions+Action button,Directions+Action button,3,2,1,Spatial manipulation,Route or network,"Leadership changes, chain order and self-occupancy constrain access.",Higher coupling
studio,sg30,Torque Mobile,7,7,24,24,3,6,1,2,Click,Click,2,2,1,Quantity and containment,Containers or quantities,Mass-distance matching composes two balances; lower rearrangement does not change its total load.,Moderate coupling
studio_v2,v201,Fold and Pierce,7,7,35,35,4,7.5,3,2,Action button+Click,Action button+Click,2,2,1,Material transformation,Continuous material,Fold contact duplicates a punch across material identities; later plans remain compact.,Moderate coupling
studio_v2,v202,Cam Lift,7,7,36,36,5,7.5,2,2,Directions+Action button,Directions+Action button,2,3,2,Spatial manipulation,Continuous material,"Contour lift, angular clearance and turn supply interact; apparatus conventions need learning.",Moderate coupling
studio_v2,v203,Displacement Ferry,7,7,35,35,4,8,3,2,Action button+Click,Action button+Click,2,3,2,Quantity and containment,Containers or quantities,Displacement changes transport height and depot capacity; exact berth conventions add discovery burden.,Moderate coupling
studio_v2,v204,Adhesive Scrape,7,7,162,162,21,45,3,0,Directions+Action button,Directions+Action button,3,2,1,Material transformation,Open geometry,Attachment side changes clearance; cargo can become a reach tool before separation.,Higher coupling
studio_v2,v205,Winding Anchor,7,7,154,154,21,43,4,0,Directions,Directions,3,2,1,Spatial manipulation,Open geometry,Cable route has persistent history; late returns also include long travel runs.,Higher coupling
studio_v2,v206,Scent Shepherd,7,7,45,45,8,9.5,1,2,Directions+Action button,Directions+Action button,3,2,2,Agency and time,Contained lattice,Aging fields and a local agent response require anticipating future attraction.,Higher coupling
studio_v2,v207,Shared Clearance,7,7,29,29,4,6,2,2,Directions+Click,Directions+Click,2,2,1,Spatial manipulation,Open geometry,"Shared clearance is coupled, but late layouts reuse the same stops and final arrangement.",Moderate coupling
studio_v2,v208,Holding Ratchet,7,7,58,58,7,12,1,1,Directions+Click,Directions+Click,2,3,3,Spatial manipulation,Continuous material,Holding and driving contacts require apparatus interpretation; L5 and L7 repeat the exact recorded recipe.,Moderate coupling
studio_v2,v209,Shadow Casting,7,7,29,29,4,5,2,2,Directions+Click,Directions+Click,2,3,2,Spatial manipulation,Open geometry,Projection and union form coupled static constraints; long temporal planning is not established.,Moderate coupling
studio_v2,v210,Equal Company,7,7,35,35,5,9,2,2,Click,Click,2,2,2,Quantity and containment,Open geometry,Repartitioning breaks correspondence; many actions simply construct pairings.,Moderate coupling
studio_v2,v211,Hidden Continuity,7,7,16,16,1,4.5,1,2,Directions+Click,Directions+Click,2,2,1,Identity and ordering,Continuous material,"Occlusion can demand inference, although several source-informed answers need a single click.",Moderate coupling
studio_v2,v212,Repair Crew,7,7,33,33,3,6,3,2,Action button+Click,Action button+Click,2,2,2,Agency and time,Open geometry,Availability changes worker opportunities; late prepared installations reduce earned work.,Moderate coupling
studio_v2,v213,Selection Boundary,7,7,34,34,5,6,3,2,Directions+Click,Directions+Click,2,2,1,Spatial manipulation,Continuous material,Deforming a boundary preserves inclusion while excluding others; some conditions begin satisfied.,Moderate coupling
studio_v2,v214,Body Relay,7,7,89,89,16,20,2,0,Directions+Action button,Directions+Action button,3,2,1,Spatial manipulation,Open geometry,Full-body clearance and unique-contact handoff couple access among differently shaped bodies.,Higher coupling
studio_v2,v215,Room Stitch,7,7,105,105,12,28,4,0,Directions+Click,Directions+Click,3,2,2,Navigation and access,Open geometry,Moving an inhabited room changes the floor topology and walker access.,Higher coupling
studio_v2,v216,Consumable Path,7,7,109,109,17,27.5,1,0,Directions+Action button,Directions+Action button,3,2,1,Agency and time,Route or network,Followers consume routes; preparing one path can remove another actor's opportunity.,Higher coupling
studio_v2,v217,Nested Access,7,7,133,133,23,22.5,4,0,Click,Click,3,2,2,Spatial manipulation,Containers or quantities,Nesting changes which controls are exposed and which grouped shapes fit.,Higher coupling
studio_v2,v218,Remembered Destination,7,7,181,181,31,44.5,3,0,Directions,Directions,3,2,1,Agency and time,Open geometry,Line of sight updates remembered goals; past observations alter later autonomous moves.,Higher coupling
studio_v2,v219,Ongoing Motion,7,7,152,152,16,44,6,0,Action button+Click,Action button+Click,3,3,2,Agency and time,Route or network,"Routing and phase must establish continuing recurrence, rather than a static destination.",Higher coupling
studio_v2,v220,Contact Cancellation,7,7,270,270,9,120.5,2,0,Directions+Action button,Directions+Action button,3,2,2,Material transformation,Contained lattice,"Global coupled motion, temporary bonds and cancellation interact; 71 Undo inputs inflate L6 length.",Higher coupling
nvidia,al7306,AL7306,8,8,174,174,21.0,33,9,0,Click,Click,2,2,2,Identity and ordering,Open geometry,Merge-chain allocation and survivor locations interact; later hazards add constraints.,Moderate coupling
nvidia,cc2048,CC2048,8,8,158,158,20.0,20.5,16,0,Directions,Directions,3,2,3,Navigation and access,Contained lattice,"Push order, prerequisites and fog combine; maze travel contributes substantially.",Higher coupling
nvidia,cg1842,CG1842,8,8,177,177,21.0,24.5,15,0,Directions,Directions,2,3,3,Navigation and access,Contained lattice,Placement uses configured blast centers and prerequisites; late fog conceals much of the board.,Moderate coupling
nvidia,cl0426,CL0426,8,8,74,74,10.0,11,8,1,Click,Click,2,2,2,Material transformation,Contained lattice,"Adjacent swaps, clearing and cascades require learned match rules.",Moderate coupling
nvidia,df4821,DF4821,8,8,182,182,22.0,26,14,0,Click,Click,3,2,1,Identity and ordering,Containers or quantities,Capacity-limited stacks require temporary storage and ordering.,Higher coupling
nvidia,dl4827,DL4827,8,8,226,226,29.0,31.5,12,0,Directions+Click,Directions+Click,3,2,2,Spatial manipulation,Continuous material,Support changes and advancing gravity interact with access and hazards.,Higher coupling
nvidia,fl5273,FL5273,8,8,200,200,23.0,27.5,9,0,Directions,Directions,3,2,2,Material transformation,Contained lattice,Crate placement and route-clearing contacts constrain later pushes.,Higher coupling
nvidia,fw4821,FW4821,8,8,79,79,9.0,14,8,0,Click,Click,2,2,1,Coupled operators,Contained lattice,Overlapping neighborhood toggles give global constraints on a compact board.,Moderate coupling
nvidia,gc4721,GC4721,8,8,119,119,15.0,19,14,0,Click,Click,2,2,2,Identity and ordering,Contained lattice,"Fusion survivor positions interact with goals, covers and decoys.",Moderate coupling
nvidia,hr2048,HR2048,8,8,124,124,15.5,17,10,0,Click,Click,2,2,3,Quantity and containment,Contained lattice,Credit allocation and replenishment constrain growth; tiny cues increase decoding burden.,Moderate coupling
nvidia,ll4821,LL4821,8,8,118,118,15.0,15,8,0,Directions,Directions,3,3,2,Agency and time,Open geometry,"Delayed mines, enemy motion and changing blast properties require temporal prediction.",Higher coupling
nvidia,ma4173,MA4173,8,8,111,111,13.5,17,10,0,Directions+Action button+Click,Directions,2,2,1,Spatial manipulation,Continuous material,Filler support and row clearing change later landing opportunities.,Moderate coupling
nvidia,mb2741,MB2741,8,8,112,112,15.0,16,10,0,Directions,Directions,2,2,2,Navigation and access,Contained lattice,"Pulse routes and prerequisites compose, but repeat a maze-unlock grammar.",Moderate coupling
nvidia,ml2048,ML2048,8,8,128,128,14.5,23,8,0,Directions+Action button+Click,Directions+Action button+Click,2,2,2,Spatial manipulation,Continuous material,Braces and gravity timing enable placement; advertised orientation is not visibly functional.,Moderate coupling
nvidia,mt4926,MT4926,8,8,93,93,10.0,13.5,10,0,Click,Click,2,2,2,Identity and ordering,Contained lattice,"Sorting, empty buffers, timed locks and concealment constrain local swaps.",Moderate coupling
nvidia,ne4172,NE4172,8,9,373,357,53.0,68.5,15,0,Directions,Directions,3,2,3,Agency and time,Contained lattice,Pursuers and harmful trails interact with prerequisite routes; blocked inputs still advance time.,Higher coupling
nvidia,os1842,OS1842,8,8,61,61,7.5,9.5,4,2,Click,Click,2,2,2,Coupled operators,Paired panels or programs,Local and regional color operations must preserve already-correct cells.,Moderate coupling
nvidia,ps1842,PS1842,8,8,63,63,6.5,10,2,1,Click,Click,2,2,2,Coupled operators,Open geometry,Mapped switches and locked groups require learning coupled modular operations.,Moderate coupling
nvidia,ps7413,PS7413,8,8,345,345,40.5,77,8,0,Click,Click,1,2,3,Coupled operators,Paired panels or programs,Many local recipe cycles and reveals produce long transcripts with limited global planning.,Lower coupling
nvidia,rl2048,RL2048,8,8,130,130,14.0,19,10,0,Click,Click,2,2,2,Identity and ordering,Paired panels or programs,Swaps and hidden targets compose; explicit history flags add completion requirements.,Moderate coupling
nvidia,rs0427,RS0427,8,8,133,133,13.5,29,8,0,Directions,Directions,2,2,3,Navigation and access,Route or network,Cyclic patrol timing and prerequisites combine with later fog.,Moderate coupling
nvidia,sf2048,SF2048,8,8,102,102,12.5,18.5,7,0,Click,Click,2,2,3,Material transformation,Contained lattice,Local propagation changes heat reach; obscured cells and amplification rules need learning.,Moderate coupling
nvidia,sl4821,SL4821,8,8,52,52,6.5,8.5,3,2,Click,Click,2,2,2,Coupled operators,Route or network,"Reciprocal connectivity, loose parts and blocked cells interact on a small network.",Moderate coupling
nvidia,ss6041,SS6041,8,8,145,145,19.0,20.5,16,0,Click,Click,1,2,2,Quantity and containment,Containers or quantities,"Most length is repeated filling and confirmation, with local routing and loss exceptions.",Lower coupling
nvidia,td4826,TD4826,8,12,188,148,15.0,26,12,0,Directions,Directions,2,2,2,Agency and time,Contained lattice,Pursuer prediction and switches interact; fog also changes enemy cooldown.,Moderate coupling
