collection,input,actions,inputShare
Studio V1,Up,246,0.10494880546075085
Studio V1,Down,233,0.09940273037542662
Studio V1,Left,199,0.0848976109215017
Studio V1,Right,591,0.2521331058020478
Studio V1,Action button,332,0.1416382252559727
Studio V1,Click,736,0.31399317406143346
Studio V1,Undo,7,0.0029863481228668944
Studio V2,Up,143,0.08218390804597701
Studio V2,Down,266,0.1528735632183908
Studio V2,Left,257,0.14770114942528736
Studio V2,Right,390,0.22413793103448276
Studio V2,Action button,266,0.1528735632183908
Studio V2,Click,340,0.19540229885057472
Studio V2,Undo,78,0.04482758620689655
NVIDIA,Up,351,0.09571857103899646
NVIDIA,Down,434,0.1183528770111808
NVIDIA,Left,386,0.10526315789473684
NVIDIA,Right,686,0.1870739023725116
NVIDIA,Action button,1,0.0002727024815925825
NVIDIA,Click,1809,0.4933187892009817
NVIDIA,Undo,0,0.0
Official humans,Up,26825,0.15034580937328357
Official humans,Down,24314,0.1362724327717434
Official humans,Left,31077,0.1741769512728251
Official humans,Right,33307,0.18667540998307383
Official humans,Action button,6134,0.03437916848819092
Official humans,Click,56347,0.3158074676889621
Official humans,Undo,418,0.0023427604219210633
