collection,mode,actions,actionShare,denominator
Studio V1,Directions,1269,0.5413822525597269,2344
Studio V1,Action button,332,0.1416382252559727,2344
Studio V1,Click,736,0.31399317406143346,2344
Studio V1,Undo,7,0.0029863481228668944,2344
Studio V2,Directions,1056,0.6068965517241379,1740
Studio V2,Action button,266,0.1528735632183908,1740
Studio V2,Click,340,0.19540229885057472,1740
Studio V2,Undo,78,0.04482758620689655,1740
NVIDIA,Directions,1857,0.5064085083174257,3667
NVIDIA,Action button,1,0.0002727024815925825,3667
NVIDIA,Click,1809,0.4933187892009817,3667
NVIDIA,Undo,0,0.0,3667
Official humans,Directions,115523,0.6474706034009259,178422
Official humans,Action button,6134,0.03437916848819092,178422
Official humans,Click,56347,0.3158074676889621,178422
Official humans,Undo,418,0.0023427604219210633,178422
