game,level,median,upperMedian,completed,plays,completionRate,conditionalCompletionRate,n
ar25,1,32,32,9,10,0.9,0.9,9
ar25,2,50,50,9,10,0.9,1.0,9
ar25,3,75,75,9,10,0.9,1.0,9
ar25,4,37,37,9,10,0.9,1.0,9
ar25,5,89,89,9,10,0.9,1.0,9
ar25,6,130.5,159,8,10,0.8,0.8888888888888888,8
ar25,7,192.5,233,6,10,0.6,0.75,6
ar25,8,73,73,5,10,0.5,0.8333333333333334,5
bp35,1,21,21,11,14,0.7857142857142857,0.7857142857142857,11
bp35,2,47,47,11,14,0.7857142857142857,1.0,11
bp35,3,43,43,11,14,0.7857142857142857,1.0,11
bp35,4,38,38,11,14,0.7857142857142857,1.0,11
bp35,5,33,33,11,14,0.7857142857142857,1.0,11
bp35,6,76.0,85,10,14,0.7142857142857143,0.9090909090909091,10
bp35,7,85,85,9,14,0.6428571428571429,0.9,9
bp35,8,100.5,129,6,14,0.42857142857142855,0.6666666666666666,6
bp35,9,128.5,158,2,14,0.14285714285714285,0.3333333333333333,2
cd82,1,53.0,55,10,11,0.9090909090909091,0.9090909090909091,10
cd82,2,7.5,8,10,11,0.9090909090909091,1.0,10
cd82,3,36.5,41,8,11,0.7272727272727273,0.8,8
cd82,4,20.5,21,8,11,0.7272727272727273,1.0,8
cd82,5,23.0,23,8,11,0.7272727272727273,1.0,8
cd82,6,21.5,23,8,11,0.7272727272727273,1.0,8
cn04,1,30,30,11,12,0.9166666666666666,0.9166666666666666,11
cn04,2,54,54,9,12,0.75,0.8181818181818182,9
cn04,3,77.0,85,8,12,0.6666666666666666,0.8888888888888888,8
cn04,4,275.0,297,6,12,0.5,0.75,6
cn04,5,176.0,207,6,12,0.5,1.0,6
cn04,6,104.0,113,6,12,0.5,1.0,6
dc22,1,56.5,59,10,11,0.9090909090909091,0.9090909090909091,10
dc22,2,96.0,102,10,11,0.9090909090909091,1.0,10
dc22,3,66.0,67,10,11,0.9090909090909091,1.0,10
dc22,4,98,98,9,11,0.8181818181818182,0.9,9
dc22,5,312.0,323,6,11,0.5454545454545454,0.6666666666666666,6
dc22,6,563.5,578,4,11,0.36363636363636365,0.6666666666666666,4
ft09,1,38.5,43,8,10,0.8,0.8,8
ft09,2,12,12,7,10,0.7,0.875,7
ft09,3,23,23,5,10,0.5,0.7142857142857143,5
ft09,4,25.0,28,4,10,0.4,0.8,4
ft09,5,46.5,64,4,10,0.4,1.0,4
ft09,6,31.5,37,4,10,0.4,1.0,4
g50t,1,77,77,11,12,0.9166666666666666,0.9166666666666666,11
g50t,2,139.5,155,8,12,0.6666666666666666,0.7272727272727273,8
g50t,3,145.5,171,4,12,0.3333333333333333,0.5,4
g50t,4,41.0,51,2,12,0.16666666666666666,0.5,2
g50t,5,85.0,95,2,12,0.16666666666666666,1.0,2
g50t,6,50.0,53,2,12,0.16666666666666666,1.0,2
g50t,7,53.5,64,2,12,0.16666666666666666,1.0,2
ka59,1,28,28,7,10,0.7,0.7,7
ka59,2,108,108,5,10,0.5,0.7142857142857143,5
ka59,3,51,51,5,10,0.5,1.0,5
ka59,4,51,51,5,10,0.5,1.0,5
ka59,5,33,33,5,10,0.5,1.0,5
ka59,6,103.5,132,4,10,0.4,0.8,4
ka59,7,325,325,3,10,0.3,0.75,3
lf52,1,32,32,11,11,1.0,1.0,11
lf52,2,80.0,80,8,11,0.7272727272727273,0.7272727272727273,8
lf52,3,60.0,60,8,11,0.7272727272727273,1.0,8
lf52,4,64.0,71,8,11,0.7272727272727273,1.0,8
lf52,5,161.5,205,8,11,0.7272727272727273,1.0,8
lf52,6,145.5,147,8,11,0.7272727272727273,1.0,8
lf52,7,238.5,244,8,11,0.7272727272727273,1.0,8
lf52,8,104.0,107,8,11,0.7272727272727273,1.0,8
lf52,9,156.5,164,8,11,0.7272727272727273,1.0,8
lf52,10,214.0,225,4,11,0.36363636363636365,0.5,4
lp85,1,18.0,18,40,54,0.7407407407407407,0.7407407407407407,40
lp85,2,38.0,38,32,54,0.5925925925925926,0.8,32
lp85,3,43,43,29,54,0.5370370370370371,0.90625,29
lp85,4,22.5,23,28,54,0.5185185185185185,0.9655172413793104,28
lp85,5,39,39,23,54,0.42592592592592593,0.8214285714285714,23
lp85,6,60,60,19,54,0.35185185185185186,0.8260869565217391,19
lp85,7,55.5,56,18,54,0.3333333333333333,0.9473684210526315,18
lp85,8,130,130,15,54,0.2777777777777778,0.8333333333333334,15
ls20,1,22,22,11,13,0.8461538461538461,0.8461538461538461,11
ls20,2,123,123,9,13,0.6923076923076923,0.8181818181818182,9
ls20,3,69.5,72,8,13,0.6153846153846154,0.8888888888888888,8
ls20,4,77.0,84,8,13,0.6153846153846154,1.0,8
ls20,5,93.0,96,8,13,0.6153846153846154,1.0,8
ls20,6,149.0,190,6,13,0.46153846153846156,0.75,6
ls20,7,151.5,185,6,13,0.46153846153846156,1.0,6
m0r0,1,30,30,11,11,1.0,1.0,11
m0r0,2,111,111,9,11,0.8181818181818182,0.8181818181818182,9
m0r0,3,202,202,9,11,0.8181818181818182,1.0,9
m0r0,4,26,26,9,11,0.8181818181818182,1.0,9
m0r0,5,465.0,497,8,11,0.7272727272727273,0.8888888888888888,8
m0r0,6,236,236,7,11,0.6363636363636364,0.875,7
r11l,1,16.5,20,10,10,1.0,1.0,10
r11l,2,30.5,33,10,10,1.0,1.0,10
r11l,3,48.0,51,10,10,1.0,1.0,10
r11l,4,23.5,26,10,10,1.0,1.0,10
r11l,5,44.0,51,10,10,1.0,1.0,10
r11l,6,47.0,49,10,10,1.0,1.0,10
re86,1,26,26,11,11,1.0,1.0,11
re86,2,42,42,11,11,1.0,1.0,11
re86,3,84.0,85,8,11,0.7272727272727273,0.7272727272727273,8
re86,4,107.5,108,8,11,0.7272727272727273,1.0,8
re86,5,177.0,187,8,11,0.7272727272727273,1.0,8
re86,6,137.0,139,8,11,0.7272727272727273,1.0,8
re86,7,423,423,5,11,0.45454545454545453,0.625,5
re86,8,241,241,5,11,0.45454545454545453,1.0,5
s5i5,1,19,19,11,11,1.0,1.0,11
s5i5,2,75.0,89,10,11,0.9090909090909091,0.9090909090909091,10
s5i5,3,105,105,7,11,0.6363636363636364,0.7,7
s5i5,4,54,54,7,11,0.6363636363636364,1.0,7
s5i5,5,161,161,5,11,0.45454545454545453,0.7142857142857143,5
s5i5,6,38,38,5,11,0.45454545454545453,1.0,5
s5i5,7,85,85,5,11,0.45454545454545453,1.0,5
s5i5,8,69.5,83,4,11,0.36363636363636365,0.8,4
sb26,1,17,17,11,12,0.9166666666666666,0.9166666666666666,11
sb26,2,27.5,28,10,12,0.8333333333333334,0.9090909090909091,10
sb26,3,17.0,18,10,12,0.8333333333333334,1.0,10
sb26,4,18.0,19,10,12,0.8333333333333334,1.0,10
sb26,5,30,30,7,12,0.5833333333333334,0.7,7
sb26,6,23,23,7,12,0.5833333333333334,1.0,7
sb26,7,51.0,58,6,12,0.5,0.8571428571428571,6
sb26,8,18,18,5,12,0.4166666666666667,0.8333333333333334,5
sc25,1,36,36,13,15,0.8666666666666667,0.8666666666666667,13
sc25,2,6,6,13,15,0.8666666666666667,1.0,13
sc25,3,32,32,13,15,0.8666666666666667,1.0,13
sc25,4,81,81,13,15,0.8666666666666667,1.0,13
sc25,5,140,140,11,15,0.7333333333333333,0.8461538461538461,11
sc25,6,49.0,50,10,15,0.6666666666666666,0.9090909090909091,10
sk48,1,53.5,61,14,14,1.0,1.0,14
sk48,2,176,176,13,14,0.9285714285714286,0.9285714285714286,13
sk48,3,101,101,13,14,0.9285714285714286,1.0,13
sk48,4,100.0,102,10,14,0.7142857142857143,0.7692307692307693,10
sk48,5,212.0,229,8,14,0.5714285714285714,0.8,8
sk48,6,146.0,178,8,14,0.5714285714285714,1.0,8
sk48,7,124.5,125,8,14,0.5714285714285714,1.0,8
sk48,8,91,91,7,14,0.5,0.875,7
sp80,1,38,38,11,12,0.9166666666666666,0.9166666666666666,11
sp80,2,57,57,7,12,0.5833333333333334,0.6363636363636364,7
sp80,3,25,25,5,12,0.4166666666666667,0.7142857142857143,5
sp80,4,147,147,5,12,0.4166666666666667,1.0,5
sp80,5,96,96,3,12,0.25,0.6,3
sp80,6,127.0,150,2,12,0.16666666666666666,0.6666666666666666,2
su15,1,22,22,13,13,1.0,1.0,13
su15,2,34.5,41,8,13,0.6153846153846154,0.6153846153846154,8
su15,3,25.5,26,8,13,0.6153846153846154,1.0,8
su15,4,105.5,108,6,13,0.46153846153846156,0.75,6
su15,5,34,34,3,13,0.23076923076923078,0.5,3
su15,6,31,31,3,13,0.23076923076923078,1.0,3
su15,7,8,8,3,13,0.23076923076923078,1.0,3
su15,8,37,37,3,13,0.23076923076923078,1.0,3
su15,9,39,39,3,13,0.23076923076923078,1.0,3
tn36,1,30.0,32,10,14,0.7142857142857143,0.7142857142857143,10
tn36,2,71,71,9,14,0.6428571428571429,0.9,9
tn36,3,26,26,9,14,0.6428571428571429,1.0,9
tn36,4,40,40,9,14,0.6428571428571429,1.0,9
tn36,5,30,30,9,14,0.6428571428571429,1.0,9
tn36,6,54,54,9,14,0.6428571428571429,1.0,9
tn36,7,61.5,62,6,14,0.42857142857142855,0.6666666666666666,6
tr87,1,55,55,11,12,0.9166666666666666,0.9166666666666666,11
tr87,2,58,58,11,12,0.9166666666666666,1.0,11
tr87,3,40,40,11,12,0.9166666666666666,1.0,11
tr87,4,41.5,45,10,12,0.8333333333333334,0.9090909090909091,10
tr87,5,71,71,9,12,0.75,0.9,9
tr87,6,132.5,146,6,12,0.5,0.6666666666666666,6
tu93,1,19,19,13,13,1.0,1.0,13
tu93,2,15,15,13,13,1.0,1.0,13
tu93,3,32,32,13,13,1.0,1.0,13
tu93,4,38,38,11,13,0.8461538461538461,0.8461538461538461,11
tu93,5,118,118,9,13,0.6923076923076923,0.8181818181818182,9
tu93,6,76,76,9,13,0.6923076923076923,1.0,9
tu93,7,14,14,9,13,0.6923076923076923,1.0,9
tu93,8,23,23,9,13,0.6923076923076923,1.0,9
tu93,9,107,107,9,13,0.6923076923076923,1.0,9
vc33,1,13,13,9,10,0.9,0.9,9
vc33,2,18,18,9,10,0.9,1.0,9
vc33,3,77.5,117,8,10,0.8,0.8888888888888888,8
vc33,4,50,50,7,10,0.7,0.875,7
vc33,5,120,120,7,10,0.7,1.0,7
vc33,6,39,39,7,10,0.7,1.0,7
vc33,7,154.5,155,6,10,0.6,0.8571428571428571,6
wa30,1,71,71,13,14,0.9285714285714286,0.9285714285714286,13
wa30,2,118,118,11,14,0.7857142857142857,0.8461538461538461,11
wa30,3,179.0,182,10,14,0.7142857142857143,0.9090909090909091,10
wa30,4,98.0,98,10,14,0.7142857142857143,1.0,10
wa30,5,355.0,365,10,14,0.7142857142857143,1.0,10
wa30,6,68,68,9,14,0.6428571428571429,0.9,9
wa30,7,76.0,79,8,14,0.5714285714285714,0.8888888888888888,8
wa30,8,439.5,440,8,14,0.5714285714285714,1.0,8
wa30,9,410,410,5,14,0.35714285714285715,0.625,5
