game,plays,solves,completionRate,wilsonLow,wilsonHigh,levels,actions,median_completed_visit
ar25,10,5,0.5,0.23658959361548731,0.7634104063845126,8,9289,69.0
bp35,14,2,0.14285714285714285,0.040093073737921175,0.39941907763863693,9,6505,46.0
cd82,11,8,0.7272727272727273,0.4343497069897537,0.9025411942607853,6,2071,23.5
cn04,12,6,0.5,0.2537781703934222,0.7462218296065778,6,7906,90.5
dc22,11,4,0.36363636363636365,0.15166223614131383,0.6462032231083628,6,8673,83
ft09,10,4,0.4,0.16817758120350967,0.6873304525498135,6,1326,24.0
g50t,12,2,0.16666666666666666,0.04696414761482223,0.44803635738467273,7,5528,85
ka59,10,3,0.3,0.10778928748621183,0.6032267800204347,7,3939,51.0
lf52,11,4,0.36363636363636365,0.15166223614131383,0.6462032231083628,10,11215,107
lp85,54,15,0.2777777777777778,0.1761667544821121,0.4089069640872221,8,14054,35.0
ls20,13,6,0.46153846153846156,0.2320575430148814,0.7085656756816796,7,7525,90.0
m0r0,11,7,0.6363636363636364,0.35379677689163724,0.8483377638586862,6,10262,106
r11l,10,10,1.0,0.7224598312333834,1.0,6,2910,34.5
re86,11,5,0.45454545454545453,0.21270957543988045,0.7199122443100118,8,12630,110.0
s5i5,11,4,0.36363636363636365,0.15166223614131383,0.6462032231083628,8,6385,72.0
sb26,12,5,0.4166666666666667,0.19325746190524656,0.6804926643446272,8,2528,23.0
sc25,15,10,0.6666666666666666,0.41713125151212976,0.8482389930530876,6,5577,39
sk48,14,7,0.5,0.2679886791947528,0.7320113208052472,8,14626,112
sp80,12,2,0.16666666666666666,0.04696414761482223,0.44803635738467273,6,3947,44
su15,13,3,0.23076923076923078,0.08179379092465713,0.5025687399512693,9,3417,30.0
tn36,14,6,0.42857142857142855,0.21380509930400526,0.6740973309713064,7,3828,42
tr87,12,6,0.5,0.2537781703934222,0.7462218296065778,6,5246,54.5
tu93,13,9,0.6923076923076923,0.4236888781333764,0.8731950283838191,9,5079,27
vc33,10,6,0.6,0.3126695474501864,0.8318224187964902,7,4500,44
wa30,14,5,0.35714285714285715,0.16344490737202735,0.6123599531785959,9,19456,121.0
