collection,level,median,n
Studio V1,1,2.0,30
Studio V1,2,3.5,30
Studio V1,3,4.5,30
Studio V1,4,6.5,30
Studio V1,5,8.5,30
Studio V1,6,14.0,30
Studio V1,7,16.0,30
Studio V2,1,2.5,20
Studio V2,2,3.0,20
Studio V2,3,5.5,20
Studio V2,4,8.5,20
Studio V2,5,8.5,20
Studio V2,6,9.0,20
Studio V2,7,13.5,20
NVIDIA,1,10,25
NVIDIA,2,14,25
NVIDIA,3,14,25
NVIDIA,4,14,25
NVIDIA,5,16,25
NVIDIA,6,15,25
NVIDIA,7,16,25
NVIDIA,8,21,25
Official humans,1,27.0,300
Official humans,2,46.0,262
Official humans,3,51,239
Official humans,4,48,223
Official humans,5,89,197
Official humans,6,69,179
Official humans,7,85.0,108
Official humans,8,91,75
Official humans,9,131,27
Official humans,10,214.0,4
