collection,game,earlier_level,later_level,actions,exact_ids_and_parameters
Studio V1,sg04,1,3,2,True
Studio V1,sg04,1,4,2,True
Studio V1,sg12,1,2,6,True
Studio V1,sg20,1,2,1,True
Studio V1,sg28,1,2,2,True
Studio V2,v205,1,2,4,True
Studio V2,v208,4,6,7,True
Studio V2,v208,5,7,17,True
Studio V2,v210,1,2,2,True
Studio V2,v219,1,2,6,True
Studio V2,v220,4,5,9,True
NVIDIA,al7306,2,3,17,True
NVIDIA,cc2048,5,6,21,True
NVIDIA,cg1842,6,7,22,True
NVIDIA,df4821,7,8,26,True
NVIDIA,fl5273,4,7,23,True
NVIDIA,ll4821,7,8,15,True
NVIDIA,ne4172,2,3,21,True
NVIDIA,rs0427,6,7,21,True
NVIDIA,td4826,6,7,15,True
