collection,game,level,modal_palette,nonmodal_share,palette_count,edge_share,palette_entropy
Studio V1,sg01,1,5,0.0361328125,6,0.022321428571428572,0.301251685659169
Studio V1,sg02,1,5,0.02294921875,5,0.019593253968253968,0.19395927891461948
Studio V1,sg03,1,5,0.04345703125,4,0.04092261904761905,0.3234249714498724
Studio V1,sg04,1,5,0.0517578125,6,0.033854166666666664,0.3866663810210551
Studio V1,sg05,1,5,0.01806640625,5,0.011904761904761904,0.15663044690630887
Studio V1,sg06,1,5,0.209228515625,10,0.1423611111111111,1.2307513326411026
Studio V1,sg07,1,4,0.549560546875,7,0.2191220238095238,2.1025489822176975
Studio V1,sg08,1,5,0.406982421875,8,0.12140376984126984,1.6501141991184267
Studio V1,sg09,1,5,0.130859375,8,0.08544146825396826,0.8834011069559762
Studio V1,sg10,1,5,0.0947265625,9,0.05505952380952381,0.6939127641189978
Studio V1,sg11,1,5,0.117431640625,6,0.08159722222222222,0.7648956626987221
Studio V1,sg12,1,5,0.389404296875,7,0.12227182539682539,1.2678375083339581
Studio V1,sg13,1,5,0.083251953125,5,0.07068452380952381,0.5720201517005153
Studio V1,sg14,1,5,0.04638671875,4,0.049107142857142856,0.34315897434648907
Studio V1,sg15,1,5,0.31982421875,7,0.060887896825396824,1.351563334339208
Studio V1,sg16,1,5,0.064208984375,6,0.03125,0.4590518042027002
Studio V1,sg17,1,5,0.02685546875,5,0.034722222222222224,0.2287309419584091
Studio V1,sg18,1,5,0.080810546875,4,0.0818452380952381,0.49612714071842456
Studio V1,sg19,1,5,0.100341796875,6,0.0873015873015873,0.6041763948047127
Studio V1,sg20,1,5,0.094482421875,3,0.049107142857142856,0.5023568527169192
Studio V1,sg21,1,5,0.125,7,0.0716765873015873,0.843264995878428
Studio V1,sg22,1,5,0.091796875,5,0.09151785714285714,0.5746119044866222
Studio V1,sg23,1,5,0.062255859375,5,0.04290674603174603,0.38362199513476125
Studio V1,sg24,1,5,0.237060546875,7,0.041914682539682536,1.0068654132743535
Studio V1,sg25,1,5,0.20751953125,6,0.051215277777777776,0.9296184978980118
Studio V1,sg26,1,5,0.223876953125,7,0.054811507936507936,1.1733592884040882
Studio V1,sg27,1,1,0.211181640625,6,0.05009920634920635,1.0503311847627839
Studio V1,sg28,1,5,0.188720703125,6,0.08953373015873016,1.0831497550163112
Studio V1,sg29,1,5,0.080322265625,7,0.03125,0.5829223451994175
Studio V1,sg30,1,5,0.06689453125,6,0.05530753968253968,0.48851367172505394
Studio V2,v201,1,1,0.52490234375,9,0.14211309523809523,2.012431515976863
Studio V2,v202,1,5,0.13232421875,9,0.059647817460317464,0.8650440501902524
Studio V2,v203,1,5,0.482666015625,10,0.09709821428571429,1.9301161896049979
Studio V2,v204,1,1,0.228271484375,5,0.07018849206349206,1.096111043164814
Studio V2,v205,1,1,0.108154296875,7,0.07824900793650794,0.7047493433628301
Studio V2,v206,1,5,0.12353515625,6,0.06560019841269842,0.6611879144130588
Studio V2,v207,1,0,0.0400390625,6,0.022569444444444444,0.316984493759855
Studio V2,v208,1,5,0.165283203125,7,0.06832837301587301,1.019353726970517
Studio V2,v209,1,0,0.440185546875,9,0.08854166666666667,1.7145296899429852
Studio V2,v210,1,5,0.028076171875,4,0.026041666666666668,0.21454938436526438
Studio V2,v211,1,0,0.1103515625,3,0.042162698412698416,0.6063882966468404
Studio V2,v212,1,1,0.3154296875,6,0.04898313492063492,1.1943586565663429
Studio V2,v213,1,1,0.26904296875,6,0.04513888888888889,1.1257664414503916
Studio V2,v214,1,1,0.172119140625,6,0.07899305555555555,0.9152181310455519
Studio V2,v215,1,3,0.122802734375,6,0.04513888888888889,0.7859110907984946
Studio V2,v216,1,2,0.24609375,6,0.05109126984126984,1.0243107381365337
Studio V2,v217,1,0,0.099609375,5,0.06646825396825397,0.6482093341883665
Studio V2,v218,1,0,0.140380859375,4,0.043402777777777776,0.6836542599894604
Studio V2,v219,1,5,0.180419921875,7,0.07291666666666667,0.9366795512354703
Studio V2,v220,1,5,0.16015625,4,0.07093253968253968,0.8515508553758052
NVIDIA,al7306,1,1,0.064453125,6,0.0689484126984127,0.46423383285927183
NVIDIA,cc2048,1,2,0.6064453125,6,0.1810515873015873,2.0286322851641034
NVIDIA,cg1842,1,2,0.472412109375,4,0.12189980158730158,1.1685408614196569
NVIDIA,cl0426,1,0,0.245361328125,9,0.1746031746031746,1.3663056363920927
NVIDIA,df4821,1,3,0.1650390625,6,0.09623015873015874,0.9604971446944407
NVIDIA,dl4827,1,5,0.40234375,5,0.07043650793650794,1.6488127979953096
NVIDIA,fl5273,1,2,0.51171875,7,0.09275793650793651,1.584481719533907
NVIDIA,fw4821,1,5,0.34375,3,0.05257936507936508,1.1635002846457883
NVIDIA,gc4721,1,5,0.40625,4,0.12698412698412698,1.3771905092405703
NVIDIA,hr2048,1,5,0.25146484375,11,0.19593253968253968,1.2887944656248025
NVIDIA,ll4821,1,5,0.2333984375,7,0.10540674603174603,1.0748807802183356
NVIDIA,ma4173,1,4,0.21875,5,0.03273809523809524,1.0805679809020596
NVIDIA,mb2741,1,15,0.4169921875,9,0.1259920634920635,1.840318295283085
NVIDIA,ml2048,1,0,0.181640625,4,0.18353174603174602,0.8203798040753182
NVIDIA,mt4926,1,1,0.455078125,6,0.20436507936507936,1.8846834850741516
NVIDIA,ne4172,1,4,0.48046875,7,0.16865079365079366,1.72616250139606
NVIDIA,os1842,1,0,0.283203125,7,0.0835813492063492,1.4660495398750502
NVIDIA,ps1842,1,0,0.16015625,4,0.04662698412698413,0.8644162523955562
NVIDIA,ps7413,1,0,0.3251953125,8,0.11607142857142858,1.6624343837173683
NVIDIA,rl2048,1,0,0.19140625,6,0.08035714285714286,1.1203186512997487
NVIDIA,rs0427,1,4,0.3251953125,8,0.0642361111111111,1.2940758828526797
NVIDIA,sf2048,1,5,0.5771484375,9,0.19853670634920634,2.0695808692134103
NVIDIA,sl4821,1,4,0.107421875,5,0.054563492063492064,0.6022977679090966
NVIDIA,ss6041,1,5,0.3505859375,5,0.13368055555555555,1.453619540941336
NVIDIA,td4826,1,2,0.53125,10,0.1396329365079365,1.9081697916353002
Official humans,ar25,1,9,0.110107421875,6,0.04724702380952381,0.7106918236514325
Official humans,bp35,1,5,0.53759765625,7,0.140625,1.5173250632550181
Official humans,cd82,1,5,0.2099609375,6,0.051215277777777776,1.1691341170439014
Official humans,cn04,1,10,0.084716796875,5,0.03249007936507937,0.5636786549483571
Official humans,dc22,1,4,0.693359375,10,0.07539682539682539,2.12970406960846
Official humans,ft09,1,5,0.47265625,7,0.1453373015873016,2.0030513930106078
Official humans,g50t,1,0,0.26611328125,5,0.07886904761904762,1.0849272195704098
Official humans,ka59,1,2,0.206787109375,7,0.04290674603174603,0.991830206257346
Official humans,lf52,1,10,0.36865234375,6,0.13219246031746032,1.6167444294110733
Official humans,lp85,1,4,0.51708984375,11,0.08407738095238096,1.7960781959250216
Official humans,ls20,1,4,0.363037109375,9,0.07366071428571429,1.4840490556915018
Official humans,m0r0,1,5,0.645263671875,4,0.07006448412698413,1.658599662093663
Official humans,r11l,1,5,0.18994140625,7,0.051587301587301584,0.8885533142705873
Official humans,re86,1,5,0.05712890625,6,0.049107142857142856,0.43150044535051696
Official humans,s5i5,1,5,0.072998046875,7,0.04712301587301587,0.5489319370129099
Official humans,sb26,1,4,0.1142578125,9,0.07502480158730158,0.8223799066208056
Official humans,sc25,1,5,0.156005859375,8,0.0519593253968254,0.9701656666261238
Official humans,sk48,1,5,0.4111328125,10,0.0679563492063492,1.4600050227235257
Official humans,sp80,1,12,0.1435546875,7,0.033482142857142856,0.8847633372564101
Official humans,su15,1,5,0.19677734375,6,0.036210317460317464,0.9419710026569681
Official humans,tn36,1,5,0.263916015625,6,0.13479662698412698,1.263476177577293
Official humans,tr87,1,2,0.61669921875,7,0.16741071428571427,2.103131651963984
Official humans,tu93,1,5,0.154052734375,7,0.07824900793650794,0.8602447429630706
Official humans,vc33,1,3,0.3701171875,7,0.032614087301587304,1.3463455690738844
Official humans,wa30,1,1,0.04296875,7,0.02628968253968254,0.35154461507717394
