collection,mode,meanGameShare,games
Studio V1,Directions,0.3439766312466152,30
Studio V1,Action button,0.1485776426208424,30
Studio V1,Click,0.504915137224595,30
Studio V1,Undo,0.0025305889079473985,30
Studio V2,Directions,0.5239745478550075,20
Studio V2,Action button,0.1574004589706421,20
Studio V2,Click,0.30284610457778227,20
Studio V2,Undo,0.015778888596568154,20
NVIDIA,Directions,0.42299225663716816,25
NVIDIA,Action button,0.0003125,25
NVIDIA,Click,0.5766952433628318,25
NVIDIA,Undo,0.0,25
Official humans,Directions,0.5580060057651277,25
Official humans,Action button,0.03248562869329434,25
Official humans,Click,0.40721144206532095,25
Official humans,Undo,0.0022969234762569707,25
