source,game,game_id,level_id,attempt,trajectory_id,policy_actions,is_solved,is_terminal,is_truncated,terminal_reason,clicks,undo_actions,short
studio,sg01,sg01-4ac0337b8857411e,1,1,studio/sg01/level-01/attempt-01,6,True,True,False,level_solved,0,0,False
studio,sg01,sg01-4ac0337b8857411e,2,1,studio/sg01/level-02/attempt-01,38,True,True,False,level_solved,0,0,False
studio,sg01,sg01-4ac0337b8857411e,3,1,studio/sg01/level-03/attempt-01,51,True,True,False,level_solved,0,0,False
studio,sg01,sg01-4ac0337b8857411e,4,1,studio/sg01/level-04/attempt-01,53,True,True,False,level_solved,0,0,False
studio,sg01,sg01-4ac0337b8857411e,5,1,studio/sg01/level-05/attempt-01,40,True,True,False,level_solved,0,0,False
studio,sg01,sg01-4ac0337b8857411e,6,1,studio/sg01/level-06/attempt-01,81,True,True,False,level_solved,0,0,False
studio,sg01,sg01-4ac0337b8857411e,7,1,studio/sg01/level-07/attempt-01,86,True,True,False,win,0,0,False
studio,sg02,sg02-a882427e821f494d,1,1,studio/sg02/level-01/attempt-01,2,True,True,False,level_solved,1,0,True
studio,sg02,sg02-a882427e821f494d,2,1,studio/sg02/level-02/attempt-01,4,True,True,False,level_solved,2,0,True
studio,sg02,sg02-a882427e821f494d,3,1,studio/sg02/level-03/attempt-01,24,True,True,False,level_solved,8,0,False
studio,sg02,sg02-a882427e821f494d,4,1,studio/sg02/level-04/attempt-01,8,True,True,False,level_solved,3,0,False
studio,sg02,sg02-a882427e821f494d,5,1,studio/sg02/level-05/attempt-01,3,True,True,False,level_solved,1,0,True
studio,sg02,sg02-a882427e821f494d,6,1,studio/sg02/level-06/attempt-01,16,True,True,False,level_solved,8,0,False
studio,sg02,sg02-a882427e821f494d,7,1,studio/sg02/level-07/attempt-01,26,True,True,False,win,9,0,False
studio,sg03,sg03-94fea60caf164173,1,1,studio/sg03/level-01/attempt-01,1,True,True,False,level_solved,0,0,True
studio,sg03,sg03-94fea60caf164173,2,1,studio/sg03/level-02/attempt-01,2,True,True,False,level_solved,1,0,True
studio,sg03,sg03-94fea60caf164173,3,1,studio/sg03/level-03/attempt-01,2,True,True,False,level_solved,1,0,True
studio,sg03,sg03-94fea60caf164173,4,1,studio/sg03/level-04/attempt-01,2,True,True,False,level_solved,1,0,True
studio,sg03,sg03-94fea60caf164173,5,1,studio/sg03/level-05/attempt-01,3,True,True,False,level_solved,2,0,True
studio,sg03,sg03-94fea60caf164173,6,1,studio/sg03/level-06/attempt-01,4,True,True,False,level_solved,3,0,True
studio,sg03,sg03-94fea60caf164173,7,1,studio/sg03/level-07/attempt-01,5,True,True,False,win,4,0,True
studio,sg04,sg04-e137c80d4e4d4034,1,1,studio/sg04/level-01/attempt-01,2,True,True,False,level_solved,1,0,True
studio,sg04,sg04-e137c80d4e4d4034,2,1,studio/sg04/level-02/attempt-01,4,True,True,False,level_solved,2,0,True
studio,sg04,sg04-e137c80d4e4d4034,3,1,studio/sg04/level-03/attempt-01,2,True,True,False,level_solved,1,0,True
studio,sg04,sg04-e137c80d4e4d4034,4,1,studio/sg04/level-04/attempt-01,2,True,True,False,level_solved,1,0,True
studio,sg04,sg04-e137c80d4e4d4034,5,1,studio/sg04/level-05/attempt-01,7,True,True,False,level_solved,3,0,False
studio,sg04,sg04-e137c80d4e4d4034,6,1,studio/sg04/level-06/attempt-01,9,True,True,False,level_solved,4,0,False
studio,sg04,sg04-e137c80d4e4d4034,7,1,studio/sg04/level-07/attempt-01,14,True,True,False,win,6,0,False
studio,sg05,sg05-60ba78a9efe1498a,1,1,studio/sg05/level-01/attempt-01,2,True,True,False,level_solved,2,0,True
studio,sg05,sg05-60ba78a9efe1498a,2,1,studio/sg05/level-02/attempt-01,3,True,True,False,level_solved,3,0,True
studio,sg05,sg05-60ba78a9efe1498a,3,1,studio/sg05/level-03/attempt-01,2,True,True,False,level_solved,2,0,True
studio,sg05,sg05-60ba78a9efe1498a,4,1,studio/sg05/level-04/attempt-01,4,True,True,False,level_solved,4,0,True
studio,sg05,sg05-60ba78a9efe1498a,5,1,studio/sg05/level-05/attempt-01,3,True,True,False,level_solved,3,0,True
studio,sg05,sg05-60ba78a9efe1498a,6,1,studio/sg05/level-06/attempt-01,4,True,True,False,level_solved,4,0,True
studio,sg05,sg05-60ba78a9efe1498a,7,1,studio/sg05/level-07/attempt-01,5,True,True,False,win,5,0,True
studio,sg06,sg06-28c20e5036544f64,1,1,studio/sg06/level-01/attempt-01,4,True,True,False,level_solved,4,0,True
studio,sg06,sg06-28c20e5036544f64,2,1,studio/sg06/level-02/attempt-01,4,True,True,False,level_solved,4,0,True
studio,sg06,sg06-28c20e5036544f64,3,1,studio/sg06/level-03/attempt-01,4,True,True,False,level_solved,4,0,True
studio,sg06,sg06-28c20e5036544f64,4,1,studio/sg06/level-04/attempt-01,4,True,True,False,level_solved,4,0,True
studio,sg06,sg06-28c20e5036544f64,5,1,studio/sg06/level-05/attempt-01,8,True,True,False,level_solved,8,0,False
studio,sg06,sg06-28c20e5036544f64,6,1,studio/sg06/level-06/attempt-01,8,True,True,False,level_solved,8,0,False
studio,sg06,sg06-28c20e5036544f64,7,1,studio/sg06/level-07/attempt-01,7,True,True,False,win,7,0,False
studio,sg07,sg07-2ddb082daf9c4b50,1,1,studio/sg07/level-01/attempt-01,1,True,True,False,level_solved,0,0,True
studio,sg07,sg07-2ddb082daf9c4b50,2,1,studio/sg07/level-02/attempt-01,9,True,True,False,level_solved,4,0,False
studio,sg07,sg07-2ddb082daf9c4b50,3,1,studio/sg07/level-03/attempt-01,5,True,True,False,level_solved,3,0,True
studio,sg07,sg07-2ddb082daf9c4b50,4,1,studio/sg07/level-04/attempt-01,8,True,True,False,level_solved,5,0,False
studio,sg07,sg07-2ddb082daf9c4b50,5,1,studio/sg07/level-05/attempt-01,8,True,True,False,level_solved,5,0,False
studio,sg07,sg07-2ddb082daf9c4b50,6,1,studio/sg07/level-06/attempt-01,17,True,True,False,level_solved,8,0,False
studio,sg07,sg07-2ddb082daf9c4b50,7,1,studio/sg07/level-07/attempt-01,20,True,True,False,win,9,0,False
studio,sg08,sg08-4a1496ac8a7c47e3,1,1,studio/sg08/level-01/attempt-01,1,True,True,False,level_solved,0,0,True
studio,sg08,sg08-4a1496ac8a7c47e3,2,1,studio/sg08/level-02/attempt-01,4,True,True,False,level_solved,0,0,True
studio,sg08,sg08-4a1496ac8a7c47e3,3,1,studio/sg08/level-03/attempt-01,9,True,True,False,level_solved,0,0,False
studio,sg08,sg08-4a1496ac8a7c47e3,4,1,studio/sg08/level-04/attempt-01,10,True,True,False,level_solved,0,0,False
studio,sg08,sg08-4a1496ac8a7c47e3,5,1,studio/sg08/level-05/attempt-01,12,True,True,False,level_solved,0,0,False
studio,sg08,sg08-4a1496ac8a7c47e3,6,1,studio/sg08/level-06/attempt-01,12,True,True,False,level_solved,0,0,False
studio,sg08,sg08-4a1496ac8a7c47e3,7,1,studio/sg08/level-07/attempt-01,15,True,True,False,win,0,0,False
studio,sg09,sg09-bf0d447a5c554cdc,1,1,studio/sg09/level-01/attempt-01,6,True,True,False,level_solved,1,0,False
studio,sg09,sg09-bf0d447a5c554cdc,2,1,studio/sg09/level-02/attempt-01,22,True,True,False,level_solved,2,0,False
studio,sg09,sg09-bf0d447a5c554cdc,3,1,studio/sg09/level-03/attempt-01,31,True,True,False,level_solved,4,0,False
studio,sg09,sg09-bf0d447a5c554cdc,4,1,studio/sg09/level-04/attempt-01,37,True,True,False,level_solved,4,0,False
studio,sg09,sg09-bf0d447a5c554cdc,5,1,studio/sg09/level-05/attempt-01,36,True,True,False,level_solved,3,0,False
studio,sg09,sg09-bf0d447a5c554cdc,6,1,studio/sg09/level-06/attempt-01,38,True,True,False,level_solved,6,0,False
studio,sg09,sg09-bf0d447a5c554cdc,7,1,studio/sg09/level-07/attempt-01,19,True,True,False,win,3,0,False
studio,sg10,sg10-7b32ef91e45147d7,1,1,studio/sg10/level-01/attempt-01,2,True,True,False,level_solved,0,0,True
studio,sg10,sg10-7b32ef91e45147d7,2,1,studio/sg10/level-02/attempt-01,4,True,True,False,level_solved,1,0,True
studio,sg10,sg10-7b32ef91e45147d7,3,1,studio/sg10/level-03/attempt-01,4,True,True,False,level_solved,1,0,True
studio,sg10,sg10-7b32ef91e45147d7,4,1,studio/sg10/level-04/attempt-01,11,True,True,False,level_solved,2,0,False
studio,sg10,sg10-7b32ef91e45147d7,5,1,studio/sg10/level-05/attempt-01,10,True,True,False,level_solved,3,0,False
studio,sg10,sg10-7b32ef91e45147d7,6,1,studio/sg10/level-06/attempt-01,14,True,True,False,level_solved,4,0,False
studio,sg10,sg10-7b32ef91e45147d7,7,1,studio/sg10/level-07/attempt-01,15,True,True,False,win,5,0,False
studio,sg11,sg11-106d370a94b94f84,1,1,studio/sg11/level-01/attempt-01,2,True,True,False,level_solved,2,0,True
studio,sg11,sg11-106d370a94b94f84,2,1,studio/sg11/level-02/attempt-01,4,True,True,False,level_solved,4,0,True
studio,sg11,sg11-106d370a94b94f84,3,1,studio/sg11/level-03/attempt-01,6,True,True,False,level_solved,4,0,False
studio,sg11,sg11-106d370a94b94f84,4,1,studio/sg11/level-04/attempt-01,9,True,True,False,level_solved,9,0,False
studio,sg11,sg11-106d370a94b94f84,5,1,studio/sg11/level-05/attempt-01,11,True,True,False,level_solved,9,0,False
studio,sg11,sg11-106d370a94b94f84,6,1,studio/sg11/level-06/attempt-01,17,True,True,False,level_solved,16,0,False
studio,sg11,sg11-106d370a94b94f84,7,1,studio/sg11/level-07/attempt-01,18,True,True,False,win,16,0,False
studio,sg12,sg12-d5101b0e3113467e,1,1,studio/sg12/level-01/attempt-01,6,True,True,False,level_solved,0,0,False
studio,sg12,sg12-d5101b0e3113467e,2,1,studio/sg12/level-02/attempt-01,6,True,True,False,level_solved,0,0,False
studio,sg12,sg12-d5101b0e3113467e,3,1,studio/sg12/level-03/attempt-01,8,True,True,False,level_solved,0,0,False
studio,sg12,sg12-d5101b0e3113467e,4,1,studio/sg12/level-04/attempt-01,10,True,True,False,level_solved,0,0,False
studio,sg12,sg12-d5101b0e3113467e,5,1,studio/sg12/level-05/attempt-01,17,True,True,False,level_solved,0,0,False
studio,sg12,sg12-d5101b0e3113467e,6,1,studio/sg12/level-06/attempt-01,15,True,True,False,level_solved,0,0,False
studio,sg12,sg12-d5101b0e3113467e,7,1,studio/sg12/level-07/attempt-01,19,True,True,False,win,0,0,False
studio,sg13,sg13-3c8c8fdc6c6649c2,1,1,studio/sg13/level-01/attempt-01,2,True,True,False,level_solved,2,0,True
studio,sg13,sg13-3c8c8fdc6c6649c2,2,1,studio/sg13/level-02/attempt-01,2,True,True,False,level_solved,0,0,True
studio,sg13,sg13-3c8c8fdc6c6649c2,3,1,studio/sg13/level-03/attempt-01,8,True,True,False,level_solved,7,0,False
studio,sg13,sg13-3c8c8fdc6c6649c2,4,1,studio/sg13/level-04/attempt-01,16,True,True,False,level_solved,13,0,False
studio,sg13,sg13-3c8c8fdc6c6649c2,5,1,studio/sg13/level-05/attempt-01,22,True,True,False,level_solved,18,0,False
studio,sg13,sg13-3c8c8fdc6c6649c2,6,1,studio/sg13/level-06/attempt-01,38,True,True,False,level_solved,30,0,False
studio,sg13,sg13-3c8c8fdc6c6649c2,7,1,studio/sg13/level-07/attempt-01,32,True,True,False,win,24,0,False
studio,sg14,sg14-c58da490e7e443bd,1,1,studio/sg14/level-01/attempt-01,2,True,True,False,level_solved,0,0,True
studio,sg14,sg14-c58da490e7e443bd,2,1,studio/sg14/level-02/attempt-01,7,True,True,False,level_solved,0,0,False
studio,sg14,sg14-c58da490e7e443bd,3,1,studio/sg14/level-03/attempt-01,28,True,True,False,level_solved,0,0,False
studio,sg14,sg14-c58da490e7e443bd,4,1,studio/sg14/level-04/attempt-01,13,True,True,False,level_solved,0,0,False
studio,sg14,sg14-c58da490e7e443bd,5,1,studio/sg14/level-05/attempt-01,17,True,True,False,level_solved,0,0,False
studio,sg14,sg14-c58da490e7e443bd,6,1,studio/sg14/level-06/attempt-01,38,True,True,False,level_solved,0,0,False
studio,sg14,sg14-c58da490e7e443bd,7,1,studio/sg14/level-07/attempt-01,49,True,True,False,win,0,0,False
studio,sg15,sg15-b1f511b9708042eb,1,1,studio/sg15/level-01/attempt-01,1,True,True,False,level_solved,0,0,True
studio,sg15,sg15-b1f511b9708042eb,2,1,studio/sg15/level-02/attempt-01,2,True,True,False,level_solved,0,0,True
studio,sg15,sg15-b1f511b9708042eb,3,1,studio/sg15/level-03/attempt-01,3,True,True,False,level_solved,3,0,True
studio,sg15,sg15-b1f511b9708042eb,4,1,studio/sg15/level-04/attempt-01,4,True,True,False,level_solved,4,0,True
studio,sg15,sg15-b1f511b9708042eb,5,1,studio/sg15/level-05/attempt-01,5,True,True,False,level_solved,4,0,True
studio,sg15,sg15-b1f511b9708042eb,6,1,studio/sg15/level-06/attempt-01,6,True,True,False,level_solved,6,0,False
studio,sg15,sg15-b1f511b9708042eb,7,1,studio/sg15/level-07/attempt-01,8,True,True,False,win,8,0,False
studio,sg16,sg16-a9e5cdf05c8e4859,1,1,studio/sg16/level-01/attempt-01,1,True,True,False,level_solved,1,0,True
studio,sg16,sg16-a9e5cdf05c8e4859,2,1,studio/sg16/level-02/attempt-01,2,True,True,False,level_solved,2,0,True
studio,sg16,sg16-a9e5cdf05c8e4859,3,1,studio/sg16/level-03/attempt-01,2,True,True,False,level_solved,2,0,True
studio,sg16,sg16-a9e5cdf05c8e4859,4,1,studio/sg16/level-04/attempt-01,3,True,True,False,level_solved,3,0,True
studio,sg16,sg16-a9e5cdf05c8e4859,5,1,studio/sg16/level-05/attempt-01,4,True,True,False,level_solved,4,0,True
studio,sg16,sg16-a9e5cdf05c8e4859,6,1,studio/sg16/level-06/attempt-01,5,True,True,False,level_solved,5,0,True
studio,sg16,sg16-a9e5cdf05c8e4859,7,1,studio/sg16/level-07/attempt-01,6,True,True,False,win,6,0,False
studio,sg17,sg17-fb94f8992a9540b1,1,1,studio/sg17/level-01/attempt-01,2,True,True,False,level_solved,0,0,True
studio,sg17,sg17-fb94f8992a9540b1,2,1,studio/sg17/level-02/attempt-01,5,True,True,False,level_solved,0,0,True
studio,sg17,sg17-fb94f8992a9540b1,3,1,studio/sg17/level-03/attempt-01,5,True,True,False,level_solved,0,0,True
studio,sg17,sg17-fb94f8992a9540b1,4,1,studio/sg17/level-04/attempt-01,12,True,True,False,level_solved,0,0,False
studio,sg17,sg17-fb94f8992a9540b1,5,1,studio/sg17/level-05/attempt-01,20,True,True,False,level_solved,0,0,False
studio,sg17,sg17-fb94f8992a9540b1,6,1,studio/sg17/level-06/attempt-01,22,True,True,False,level_solved,0,0,False
studio,sg17,sg17-fb94f8992a9540b1,7,1,studio/sg17/level-07/attempt-01,34,True,True,False,win,0,2,False
studio,sg18,sg18-af8d11e58ac94cd7,1,1,studio/sg18/level-01/attempt-01,1,True,True,False,level_solved,1,0,True
studio,sg18,sg18-af8d11e58ac94cd7,2,1,studio/sg18/level-02/attempt-01,2,True,True,False,level_solved,2,0,True
studio,sg18,sg18-af8d11e58ac94cd7,3,1,studio/sg18/level-03/attempt-01,4,True,True,False,level_solved,4,0,True
studio,sg18,sg18-af8d11e58ac94cd7,4,1,studio/sg18/level-04/attempt-01,7,True,True,False,level_solved,7,0,False
studio,sg18,sg18-af8d11e58ac94cd7,5,1,studio/sg18/level-05/attempt-01,29,True,True,False,level_solved,25,4,False
studio,sg18,sg18-af8d11e58ac94cd7,6,1,studio/sg18/level-06/attempt-01,30,True,True,False,level_solved,30,0,False
studio,sg18,sg18-af8d11e58ac94cd7,7,1,studio/sg18/level-07/attempt-01,33,True,True,False,win,33,0,False
studio,sg19,sg19-25a14e907e1c463d,1,1,studio/sg19/level-01/attempt-01,1,True,True,False,level_solved,1,0,True
studio,sg19,sg19-25a14e907e1c463d,2,1,studio/sg19/level-02/attempt-01,2,True,True,False,level_solved,2,0,True
studio,sg19,sg19-25a14e907e1c463d,3,1,studio/sg19/level-03/attempt-01,5,True,True,False,level_solved,5,0,True
studio,sg19,sg19-25a14e907e1c463d,4,1,studio/sg19/level-04/attempt-01,4,True,True,False,level_solved,4,0,True
studio,sg19,sg19-25a14e907e1c463d,5,1,studio/sg19/level-05/attempt-01,14,True,True,False,level_solved,14,0,False
studio,sg19,sg19-25a14e907e1c463d,6,1,studio/sg19/level-06/attempt-01,10,True,True,False,level_solved,10,0,False
studio,sg19,sg19-25a14e907e1c463d,7,1,studio/sg19/level-07/attempt-01,8,True,True,False,win,8,0,False
studio,sg20,sg20-a3b73a0fda9e4006,1,1,studio/sg20/level-01/attempt-01,1,True,True,False,level_solved,1,0,True
studio,sg20,sg20-a3b73a0fda9e4006,2,1,studio/sg20/level-02/attempt-01,1,True,True,False,level_solved,1,0,True
studio,sg20,sg20-a3b73a0fda9e4006,3,1,studio/sg20/level-03/attempt-01,5,True,True,False,level_solved,5,0,True
studio,sg20,sg20-a3b73a0fda9e4006,4,1,studio/sg20/level-04/attempt-01,7,True,True,False,level_solved,7,0,False
studio,sg20,sg20-a3b73a0fda9e4006,5,1,studio/sg20/level-05/attempt-01,8,True,True,False,level_solved,8,0,False
studio,sg20,sg20-a3b73a0fda9e4006,6,1,studio/sg20/level-06/attempt-01,14,True,True,False,level_solved,14,0,False
studio,sg20,sg20-a3b73a0fda9e4006,7,1,studio/sg20/level-07/attempt-01,16,True,True,False,win,16,0,False
studio,sg21,sg21-809cfa39d3fa4757,1,1,studio/sg21/level-01/attempt-01,1,True,True,False,level_solved,1,0,True
studio,sg21,sg21-809cfa39d3fa4757,2,1,studio/sg21/level-02/attempt-01,2,True,True,False,level_solved,2,0,True
studio,sg21,sg21-809cfa39d3fa4757,3,1,studio/sg21/level-03/attempt-01,3,True,True,False,level_solved,3,0,True
studio,sg21,sg21-809cfa39d3fa4757,4,1,studio/sg21/level-04/attempt-01,6,True,True,False,level_solved,6,0,False
studio,sg21,sg21-809cfa39d3fa4757,5,1,studio/sg21/level-05/attempt-01,7,True,True,False,level_solved,7,0,False
studio,sg21,sg21-809cfa39d3fa4757,6,1,studio/sg21/level-06/attempt-01,8,True,True,False,level_solved,8,0,False
studio,sg21,sg21-809cfa39d3fa4757,7,1,studio/sg21/level-07/attempt-01,8,True,True,False,win,8,0,False
studio,sg22,sg22-a911173626904645,1,1,studio/sg22/level-01/attempt-01,1,True,True,False,level_solved,0,0,True
studio,sg22,sg22-a911173626904645,2,1,studio/sg22/level-02/attempt-01,4,True,True,False,level_solved,1,0,True
studio,sg22,sg22-a911173626904645,3,1,studio/sg22/level-03/attempt-01,7,True,True,False,level_solved,1,0,False
studio,sg22,sg22-a911173626904645,4,1,studio/sg22/level-04/attempt-01,6,True,True,False,level_solved,1,0,False
studio,sg22,sg22-a911173626904645,5,1,studio/sg22/level-05/attempt-01,9,True,True,False,level_solved,3,0,False
studio,sg22,sg22-a911173626904645,6,1,studio/sg22/level-06/attempt-01,10,True,True,False,level_solved,2,0,False
studio,sg22,sg22-a911173626904645,7,1,studio/sg22/level-07/attempt-01,16,True,True,False,win,6,0,False
studio,sg23,sg23-bb0b94dd75ad4169,1,1,studio/sg23/level-01/attempt-01,1,True,True,False,level_solved,1,0,True
studio,sg23,sg23-bb0b94dd75ad4169,2,1,studio/sg23/level-02/attempt-01,2,True,True,False,level_solved,2,0,True
studio,sg23,sg23-bb0b94dd75ad4169,3,1,studio/sg23/level-03/attempt-01,3,True,True,False,level_solved,2,0,True
studio,sg23,sg23-bb0b94dd75ad4169,4,1,studio/sg23/level-04/attempt-01,4,True,True,False,level_solved,3,0,True
studio,sg23,sg23-bb0b94dd75ad4169,5,1,studio/sg23/level-05/attempt-01,5,True,True,False,level_solved,4,0,True
studio,sg23,sg23-bb0b94dd75ad4169,6,1,studio/sg23/level-06/attempt-01,8,True,True,False,level_solved,7,0,False
studio,sg23,sg23-bb0b94dd75ad4169,7,1,studio/sg23/level-07/attempt-01,8,True,True,False,win,6,0,False
studio,sg24,sg24-c5553d90bc44437d,1,1,studio/sg24/level-01/attempt-01,12,True,True,False,level_solved,0,0,False
studio,sg24,sg24-c5553d90bc44437d,2,1,studio/sg24/level-02/attempt-01,13,True,True,False,level_solved,0,0,False
studio,sg24,sg24-c5553d90bc44437d,3,1,studio/sg24/level-03/attempt-01,33,True,True,False,level_solved,0,0,False
studio,sg24,sg24-c5553d90bc44437d,4,1,studio/sg24/level-04/attempt-01,31,True,True,False,level_solved,0,0,False
studio,sg24,sg24-c5553d90bc44437d,5,1,studio/sg24/level-05/attempt-01,44,True,True,False,level_solved,0,0,False
studio,sg24,sg24-c5553d90bc44437d,6,1,studio/sg24/level-06/attempt-01,28,True,True,False,level_solved,0,0,False
studio,sg24,sg24-c5553d90bc44437d,7,1,studio/sg24/level-07/attempt-01,38,True,True,False,win,0,0,False
studio,sg25,sg25-1ec41211c870430e,1,1,studio/sg25/level-01/attempt-01,1,True,True,False,level_solved,0,0,True
studio,sg25,sg25-1ec41211c870430e,2,1,studio/sg25/level-02/attempt-01,2,True,True,False,level_solved,0,0,True
studio,sg25,sg25-1ec41211c870430e,3,1,studio/sg25/level-03/attempt-01,2,True,True,False,level_solved,0,0,True
studio,sg25,sg25-1ec41211c870430e,4,1,studio/sg25/level-04/attempt-01,4,True,True,False,level_solved,0,0,True
studio,sg25,sg25-1ec41211c870430e,5,1,studio/sg25/level-05/attempt-01,7,True,True,False,level_solved,0,0,False
studio,sg25,sg25-1ec41211c870430e,6,1,studio/sg25/level-06/attempt-01,21,True,True,False,level_solved,0,0,False
studio,sg25,sg25-1ec41211c870430e,7,1,studio/sg25/level-07/attempt-01,16,True,True,False,win,0,0,False
studio,sg26,sg26-552d5d2ce2b44fe2,1,1,studio/sg26/level-01/attempt-01,1,True,True,False,level_solved,1,0,True
studio,sg26,sg26-552d5d2ce2b44fe2,2,1,studio/sg26/level-02/attempt-01,2,True,True,False,level_solved,2,0,True
studio,sg26,sg26-552d5d2ce2b44fe2,3,1,studio/sg26/level-03/attempt-01,3,True,True,False,level_solved,3,0,True
studio,sg26,sg26-552d5d2ce2b44fe2,4,1,studio/sg26/level-04/attempt-01,4,True,True,False,level_solved,4,0,True
studio,sg26,sg26-552d5d2ce2b44fe2,5,1,studio/sg26/level-05/attempt-01,5,True,True,False,level_solved,5,0,True
studio,sg26,sg26-552d5d2ce2b44fe2,6,1,studio/sg26/level-06/attempt-01,6,True,True,False,level_solved,6,0,False
studio,sg26,sg26-552d5d2ce2b44fe2,7,1,studio/sg26/level-07/attempt-01,8,True,True,False,win,8,0,False
studio,sg27,sg27-1b5a0ff3fa874c96,1,1,studio/sg27/level-01/attempt-01,2,True,True,False,level_solved,0,0,True
studio,sg27,sg27-1b5a0ff3fa874c96,2,1,studio/sg27/level-02/attempt-01,2,True,True,False,level_solved,0,0,True
studio,sg27,sg27-1b5a0ff3fa874c96,3,1,studio/sg27/level-03/attempt-01,4,True,True,False,level_solved,0,0,True
studio,sg27,sg27-1b5a0ff3fa874c96,4,1,studio/sg27/level-04/attempt-01,8,True,True,False,level_solved,0,0,False
studio,sg27,sg27-1b5a0ff3fa874c96,5,1,studio/sg27/level-05/attempt-01,18,True,True,False,level_solved,0,0,False
studio,sg27,sg27-1b5a0ff3fa874c96,6,1,studio/sg27/level-06/attempt-01,25,True,True,False,level_solved,0,0,False
studio,sg27,sg27-1b5a0ff3fa874c96,7,1,studio/sg27/level-07/attempt-01,25,True,True,False,win,0,0,False
studio,sg28,sg28-c27ff0a54fbd4413,1,1,studio/sg28/level-01/attempt-01,2,True,True,False,level_solved,0,0,True
studio,sg28,sg28-c27ff0a54fbd4413,2,1,studio/sg28/level-02/attempt-01,2,True,True,False,level_solved,0,0,True
studio,sg28,sg28-c27ff0a54fbd4413,3,1,studio/sg28/level-03/attempt-01,3,True,True,False,level_solved,1,0,True
studio,sg28,sg28-c27ff0a54fbd4413,4,1,studio/sg28/level-04/attempt-01,5,True,True,False,level_solved,1,0,True
studio,sg28,sg28-c27ff0a54fbd4413,5,1,studio/sg28/level-05/attempt-01,7,True,True,False,level_solved,2,0,False
studio,sg28,sg28-c27ff0a54fbd4413,6,1,studio/sg28/level-06/attempt-01,10,True,True,False,level_solved,2,0,False
studio,sg28,sg28-c27ff0a54fbd4413,7,1,studio/sg28/level-07/attempt-01,26,True,True,False,win,6,1,False
studio,sg29,sg29-2ece60f659c04e37,1,1,studio/sg29/level-01/attempt-01,3,True,True,False,level_solved,0,0,True
studio,sg29,sg29-2ece60f659c04e37,2,1,studio/sg29/level-02/attempt-01,4,True,True,False,level_solved,0,0,True
studio,sg29,sg29-2ece60f659c04e37,3,1,studio/sg29/level-03/attempt-01,7,True,True,False,level_solved,0,0,False
studio,sg29,sg29-2ece60f659c04e37,4,1,studio/sg29/level-04/attempt-01,6,True,True,False,level_solved,0,0,False
studio,sg29,sg29-2ece60f659c04e37,5,1,studio/sg29/level-05/attempt-01,13,True,True,False,level_solved,0,0,False
studio,sg29,sg29-2ece60f659c04e37,6,1,studio/sg29/level-06/attempt-01,19,True,True,False,level_solved,0,0,False
studio,sg29,sg29-2ece60f659c04e37,7,1,studio/sg29/level-07/attempt-01,14,True,True,False,win,0,0,False
studio,sg30,sg30-8570298dc9744ad3,1,1,studio/sg30/level-01/attempt-01,1,True,True,False,level_solved,1,0,True
studio,sg30,sg30-8570298dc9744ad3,2,1,studio/sg30/level-02/attempt-01,1,True,True,False,level_solved,1,0,True
studio,sg30,sg30-8570298dc9744ad3,3,1,studio/sg30/level-03/attempt-01,3,True,True,False,level_solved,3,0,True
studio,sg30,sg30-8570298dc9744ad3,4,1,studio/sg30/level-04/attempt-01,4,True,True,False,level_solved,4,0,True
studio,sg30,sg30-8570298dc9744ad3,5,1,studio/sg30/level-05/attempt-01,3,True,True,False,level_solved,3,0,True
studio,sg30,sg30-8570298dc9744ad3,6,1,studio/sg30/level-06/attempt-01,5,True,True,False,level_solved,5,0,True
studio,sg30,sg30-8570298dc9744ad3,7,1,studio/sg30/level-07/attempt-01,7,True,True,False,win,7,0,False
nvidia,al7306,al7306-000afcc7,1,1,nvidia/al7306/level-01/attempt-01,9,True,True,False,level_solved,9,0,False
nvidia,al7306,al7306-000afcc7,2,1,nvidia/al7306/level-02/attempt-01,17,True,True,False,level_solved,17,0,False
nvidia,al7306,al7306-000afcc7,3,1,nvidia/al7306/level-03/attempt-01,17,True,True,False,level_solved,17,0,False
nvidia,al7306,al7306-000afcc7,4,1,nvidia/al7306/level-04/attempt-01,21,True,True,False,level_solved,21,0,False
nvidia,al7306,al7306-000afcc7,5,1,nvidia/al7306/level-05/attempt-01,21,True,True,False,level_solved,21,0,False
nvidia,al7306,al7306-000afcc7,6,1,nvidia/al7306/level-06/attempt-01,23,True,True,False,level_solved,23,0,False
nvidia,al7306,al7306-000afcc7,7,1,nvidia/al7306/level-07/attempt-01,29,True,True,False,level_solved,29,0,False
nvidia,al7306,al7306-000afcc7,8,1,nvidia/al7306/level-08/attempt-01,37,True,True,False,win,37,0,False
nvidia,cc2048,cc2048-f080c4af,1,1,nvidia/cc2048/level-01/attempt-01,16,True,True,False,level_solved,0,0,False
nvidia,cc2048,cc2048-f080c4af,2,1,nvidia/cc2048/level-02/attempt-01,20,True,True,False,level_solved,0,0,False
nvidia,cc2048,cc2048-f080c4af,3,1,nvidia/cc2048/level-03/attempt-01,20,True,True,False,level_solved,0,0,False
nvidia,cc2048,cc2048-f080c4af,4,1,nvidia/cc2048/level-04/attempt-01,19,True,True,False,level_solved,0,0,False
nvidia,cc2048,cc2048-f080c4af,5,1,nvidia/cc2048/level-05/attempt-01,21,True,True,False,level_solved,0,0,False
nvidia,cc2048,cc2048-f080c4af,6,1,nvidia/cc2048/level-06/attempt-01,21,True,True,False,level_solved,0,0,False
nvidia,cc2048,cc2048-f080c4af,7,1,nvidia/cc2048/level-07/attempt-01,20,True,True,False,level_solved,0,0,False
nvidia,cc2048,cc2048-f080c4af,8,1,nvidia/cc2048/level-08/attempt-01,21,True,True,False,win,0,0,False
nvidia,cg1842,cg1842-e7600c9f,1,1,nvidia/cg1842/level-01/attempt-01,15,True,True,False,level_solved,0,0,False
nvidia,cg1842,cg1842-e7600c9f,2,1,nvidia/cg1842/level-02/attempt-01,20,True,True,False,level_solved,0,0,False
nvidia,cg1842,cg1842-e7600c9f,3,1,nvidia/cg1842/level-03/attempt-01,20,True,True,False,level_solved,0,0,False
nvidia,cg1842,cg1842-e7600c9f,4,1,nvidia/cg1842/level-04/attempt-01,18,True,True,False,level_solved,0,0,False
nvidia,cg1842,cg1842-e7600c9f,5,1,nvidia/cg1842/level-05/attempt-01,33,True,True,False,level_solved,0,0,False
nvidia,cg1842,cg1842-e7600c9f,6,1,nvidia/cg1842/level-06/attempt-01,22,True,True,False,level_solved,0,0,False
nvidia,cg1842,cg1842-e7600c9f,7,1,nvidia/cg1842/level-07/attempt-01,22,True,True,False,level_solved,0,0,False
nvidia,cg1842,cg1842-e7600c9f,8,1,nvidia/cg1842/level-08/attempt-01,27,True,True,False,win,0,0,False
nvidia,cl0426,cl0426-c5dfa3ac,1,1,nvidia/cl0426/level-01/attempt-01,8,True,True,False,level_solved,8,0,False
nvidia,cl0426,cl0426-c5dfa3ac,2,1,nvidia/cl0426/level-02/attempt-01,10,True,True,False,level_solved,10,0,False
nvidia,cl0426,cl0426-c5dfa3ac,3,1,nvidia/cl0426/level-03/attempt-01,6,True,True,False,level_solved,6,0,False
nvidia,cl0426,cl0426-c5dfa3ac,4,1,nvidia/cl0426/level-04/attempt-01,8,True,True,False,level_solved,8,0,False
nvidia,cl0426,cl0426-c5dfa3ac,5,1,nvidia/cl0426/level-05/attempt-01,10,True,True,False,level_solved,10,0,False
nvidia,cl0426,cl0426-c5dfa3ac,6,1,nvidia/cl0426/level-06/attempt-01,10,True,True,False,level_solved,10,0,False
nvidia,cl0426,cl0426-c5dfa3ac,7,1,nvidia/cl0426/level-07/attempt-01,10,True,True,False,level_solved,10,0,False
nvidia,cl0426,cl0426-c5dfa3ac,8,1,nvidia/cl0426/level-08/attempt-01,12,True,True,False,win,12,0,False
nvidia,df4821,df4821-818c2c5e,1,1,nvidia/df4821/level-01/attempt-01,14,True,True,False,level_solved,14,0,False
nvidia,df4821,df4821-818c2c5e,2,1,nvidia/df4821/level-02/attempt-01,24,True,True,False,level_solved,24,0,False
nvidia,df4821,df4821-818c2c5e,3,1,nvidia/df4821/level-03/attempt-01,18,True,True,False,level_solved,18,0,False
nvidia,df4821,df4821-818c2c5e,4,1,nvidia/df4821/level-04/attempt-01,16,True,True,False,level_solved,16,0,False
nvidia,df4821,df4821-818c2c5e,5,1,nvidia/df4821/level-05/attempt-01,38,True,True,False,level_solved,38,0,False
nvidia,df4821,df4821-818c2c5e,6,1,nvidia/df4821/level-06/attempt-01,20,True,True,False,level_solved,20,0,False
nvidia,df4821,df4821-818c2c5e,7,1,nvidia/df4821/level-07/attempt-01,26,True,True,False,level_solved,26,0,False
nvidia,df4821,df4821-818c2c5e,8,1,nvidia/df4821/level-08/attempt-01,26,True,True,False,win,26,0,False
nvidia,dl4827,dl4827-b8768101,1,1,nvidia/dl4827/level-01/attempt-01,12,True,True,False,level_solved,2,0,False
nvidia,dl4827,dl4827-b8768101,2,1,nvidia/dl4827/level-02/attempt-01,29,True,True,False,level_solved,3,0,False
nvidia,dl4827,dl4827-b8768101,3,1,nvidia/dl4827/level-03/attempt-01,23,True,True,False,level_solved,3,0,False
nvidia,dl4827,dl4827-b8768101,4,1,nvidia/dl4827/level-04/attempt-01,37,True,True,False,level_solved,3,0,False
nvidia,dl4827,dl4827-b8768101,5,1,nvidia/dl4827/level-05/attempt-01,33,True,True,False,level_solved,4,0,False
nvidia,dl4827,dl4827-b8768101,6,1,nvidia/dl4827/level-06/attempt-01,29,True,True,False,level_solved,4,0,False
nvidia,dl4827,dl4827-b8768101,7,1,nvidia/dl4827/level-07/attempt-01,34,True,True,False,level_solved,5,0,False
nvidia,dl4827,dl4827-b8768101,8,1,nvidia/dl4827/level-08/attempt-01,29,True,True,False,win,5,0,False
nvidia,fl5273,fl5273-6a25a72a,1,1,nvidia/fl5273/level-01/attempt-01,9,True,True,False,level_solved,0,0,False
nvidia,fl5273,fl5273-6a25a72a,2,1,nvidia/fl5273/level-02/attempt-01,28,True,True,False,level_solved,0,0,False
nvidia,fl5273,fl5273-6a25a72a,3,1,nvidia/fl5273/level-03/attempt-01,20,True,True,False,level_solved,0,0,False
nvidia,fl5273,fl5273-6a25a72a,4,1,nvidia/fl5273/level-04/attempt-01,23,True,True,False,level_solved,0,0,False
nvidia,fl5273,fl5273-6a25a72a,5,1,nvidia/fl5273/level-05/attempt-01,48,True,True,False,level_solved,0,0,False
nvidia,fl5273,fl5273-6a25a72a,6,1,nvidia/fl5273/level-06/attempt-01,17,True,True,False,level_solved,0,0,False
nvidia,fl5273,fl5273-6a25a72a,7,1,nvidia/fl5273/level-07/attempt-01,23,True,True,False,level_solved,0,0,False
nvidia,fl5273,fl5273-6a25a72a,8,1,nvidia/fl5273/level-08/attempt-01,32,True,True,False,win,0,0,False
nvidia,fw4821,fw4821-98cb6b43,1,1,nvidia/fw4821/level-01/attempt-01,8,True,True,False,level_solved,8,0,False
nvidia,fw4821,fw4821-98cb6b43,2,1,nvidia/fw4821/level-02/attempt-01,8,True,True,False,level_solved,8,0,False
nvidia,fw4821,fw4821-98cb6b43,3,1,nvidia/fw4821/level-03/attempt-01,9,True,True,False,level_solved,9,0,False
nvidia,fw4821,fw4821-98cb6b43,4,1,nvidia/fw4821/level-04/attempt-01,8,True,True,False,level_solved,8,0,False
nvidia,fw4821,fw4821-98cb6b43,5,1,nvidia/fw4821/level-05/attempt-01,9,True,True,False,level_solved,9,0,False
nvidia,fw4821,fw4821-98cb6b43,6,1,nvidia/fw4821/level-06/attempt-01,9,True,True,False,level_solved,9,0,False
nvidia,fw4821,fw4821-98cb6b43,7,1,nvidia/fw4821/level-07/attempt-01,13,True,True,False,level_solved,13,0,False
nvidia,fw4821,fw4821-98cb6b43,8,1,nvidia/fw4821/level-08/attempt-01,15,True,True,False,win,15,0,False
nvidia,gc4721,gc4721-78997285,1,1,nvidia/gc4721/level-01/attempt-01,14,True,True,False,level_solved,14,0,False
nvidia,gc4721,gc4721-78997285,2,1,nvidia/gc4721/level-02/attempt-01,14,True,True,False,level_solved,14,0,False
nvidia,gc4721,gc4721-78997285,3,1,nvidia/gc4721/level-03/attempt-01,10,True,True,False,level_solved,10,0,False
nvidia,gc4721,gc4721-78997285,4,1,nvidia/gc4721/level-04/attempt-01,7,True,True,False,level_solved,7,0,False
nvidia,gc4721,gc4721-78997285,5,1,nvidia/gc4721/level-05/attempt-01,16,True,True,False,level_solved,16,0,False
nvidia,gc4721,gc4721-78997285,6,1,nvidia/gc4721/level-06/attempt-01,20,True,True,False,level_solved,20,0,False
nvidia,gc4721,gc4721-78997285,7,1,nvidia/gc4721/level-07/attempt-01,21,True,True,False,level_solved,21,0,False
nvidia,gc4721,gc4721-78997285,8,1,nvidia/gc4721/level-08/attempt-01,17,True,True,False,win,17,0,False
nvidia,hr2048,hr2048-b96419ed,1,1,nvidia/hr2048/level-01/attempt-01,10,True,True,False,level_solved,10,0,False
nvidia,hr2048,hr2048-b96419ed,2,1,nvidia/hr2048/level-02/attempt-01,15,True,True,False,level_solved,15,0,False
nvidia,hr2048,hr2048-b96419ed,3,1,nvidia/hr2048/level-03/attempt-01,16,True,True,False,level_solved,16,0,False
nvidia,hr2048,hr2048-b96419ed,4,1,nvidia/hr2048/level-04/attempt-01,19,True,True,False,level_solved,19,0,False
nvidia,hr2048,hr2048-b96419ed,5,1,nvidia/hr2048/level-05/attempt-01,15,True,True,False,level_solved,15,0,False
nvidia,hr2048,hr2048-b96419ed,6,1,nvidia/hr2048/level-06/attempt-01,15,True,True,False,level_solved,15,0,False
nvidia,hr2048,hr2048-b96419ed,7,1,nvidia/hr2048/level-07/attempt-01,16,True,True,False,level_solved,16,0,False
nvidia,hr2048,hr2048-b96419ed,8,1,nvidia/hr2048/level-08/attempt-01,18,True,True,False,win,18,0,False
nvidia,ll4821,ll4821-9da7c9ef,1,1,nvidia/ll4821/level-01/attempt-01,8,True,True,False,level_solved,0,0,False
nvidia,ll4821,ll4821-9da7c9ef,2,1,nvidia/ll4821/level-02/attempt-01,9,True,True,False,level_solved,0,0,False
nvidia,ll4821,ll4821-9da7c9ef,3,1,nvidia/ll4821/level-03/attempt-01,19,True,True,False,level_solved,0,0,False
nvidia,ll4821,ll4821-9da7c9ef,4,1,nvidia/ll4821/level-04/attempt-01,22,True,True,False,level_solved,0,0,False
nvidia,ll4821,ll4821-9da7c9ef,5,1,nvidia/ll4821/level-05/attempt-01,19,True,True,False,level_solved,0,0,False
nvidia,ll4821,ll4821-9da7c9ef,6,1,nvidia/ll4821/level-06/attempt-01,11,True,True,False,level_solved,0,0,False
nvidia,ll4821,ll4821-9da7c9ef,7,1,nvidia/ll4821/level-07/attempt-01,15,True,True,False,level_solved,0,0,False
nvidia,ll4821,ll4821-9da7c9ef,8,1,nvidia/ll4821/level-08/attempt-01,15,True,True,False,win,0,0,False
nvidia,ma4173,ma4173-177dbde4,1,1,nvidia/ma4173/level-01/attempt-01,10,True,True,False,level_solved,0,0,False
nvidia,ma4173,ma4173-177dbde4,2,1,nvidia/ma4173/level-02/attempt-01,12,True,True,False,level_solved,0,0,False
nvidia,ma4173,ma4173-177dbde4,3,1,nvidia/ma4173/level-03/attempt-01,14,True,True,False,level_solved,0,0,False
nvidia,ma4173,ma4173-177dbde4,4,1,nvidia/ma4173/level-04/attempt-01,13,True,True,False,level_solved,0,0,False
nvidia,ma4173,ma4173-177dbde4,5,1,nvidia/ma4173/level-05/attempt-01,15,True,True,False,level_solved,0,0,False
nvidia,ma4173,ma4173-177dbde4,6,1,nvidia/ma4173/level-06/attempt-01,13,True,True,False,level_solved,0,0,False
nvidia,ma4173,ma4173-177dbde4,7,1,nvidia/ma4173/level-07/attempt-01,15,True,True,False,level_solved,0,0,False
nvidia,ma4173,ma4173-177dbde4,8,1,nvidia/ma4173/level-08/attempt-01,19,True,True,False,win,0,0,False
nvidia,mb2741,mb2741-094cefb3,1,1,nvidia/mb2741/level-01/attempt-01,10,True,True,False,level_solved,0,0,False
nvidia,mb2741,mb2741-094cefb3,2,1,nvidia/mb2741/level-02/attempt-01,14,True,True,False,level_solved,0,0,False
nvidia,mb2741,mb2741-094cefb3,3,1,nvidia/mb2741/level-03/attempt-01,10,True,True,False,level_solved,0,0,False
nvidia,mb2741,mb2741-094cefb3,4,1,nvidia/mb2741/level-04/attempt-01,15,True,True,False,level_solved,0,0,False
nvidia,mb2741,mb2741-094cefb3,5,1,nvidia/mb2741/level-05/attempt-01,16,True,True,False,level_solved,0,0,False
nvidia,mb2741,mb2741-094cefb3,6,1,nvidia/mb2741/level-06/attempt-01,15,True,True,False,level_solved,0,0,False
nvidia,mb2741,mb2741-094cefb3,7,1,nvidia/mb2741/level-07/attempt-01,15,True,True,False,level_solved,0,0,False
nvidia,mb2741,mb2741-094cefb3,8,1,nvidia/mb2741/level-08/attempt-01,17,True,True,False,win,0,0,False
nvidia,ml2048,ml2048-a6677a07,1,1,nvidia/ml2048/level-01/attempt-01,8,True,True,False,level_solved,2,0,False
nvidia,ml2048,ml2048-a6677a07,2,1,nvidia/ml2048/level-02/attempt-01,12,True,True,False,level_solved,3,0,False
nvidia,ml2048,ml2048-a6677a07,3,1,nvidia/ml2048/level-03/attempt-01,13,True,True,False,level_solved,4,0,False
nvidia,ml2048,ml2048-a6677a07,4,1,nvidia/ml2048/level-04/attempt-01,12,True,True,False,level_solved,3,0,False
nvidia,ml2048,ml2048-a6677a07,5,1,nvidia/ml2048/level-05/attempt-01,16,True,True,False,level_solved,5,0,False
nvidia,ml2048,ml2048-a6677a07,6,1,nvidia/ml2048/level-06/attempt-01,21,True,True,False,level_solved,6,0,False
nvidia,ml2048,ml2048-a6677a07,7,1,nvidia/ml2048/level-07/attempt-01,23,True,True,False,level_solved,7,0,False
nvidia,ml2048,ml2048-a6677a07,8,1,nvidia/ml2048/level-08/attempt-01,23,True,True,False,win,7,0,False
nvidia,mt4926,mt4926-66d0222a,1,1,nvidia/mt4926/level-01/attempt-01,10,True,True,False,level_solved,10,0,False
nvidia,mt4926,mt4926-66d0222a,2,1,nvidia/mt4926/level-02/attempt-01,20,True,True,False,level_solved,20,0,False
nvidia,mt4926,mt4926-66d0222a,3,1,nvidia/mt4926/level-03/attempt-01,10,True,True,False,level_solved,10,0,False
nvidia,mt4926,mt4926-66d0222a,4,1,nvidia/mt4926/level-04/attempt-01,6,True,True,False,level_solved,6,0,False
nvidia,mt4926,mt4926-66d0222a,5,1,nvidia/mt4926/level-05/attempt-01,10,True,True,False,level_solved,10,0,False
nvidia,mt4926,mt4926-66d0222a,6,1,nvidia/mt4926/level-06/attempt-01,10,True,True,False,level_solved,10,0,False
nvidia,mt4926,mt4926-66d0222a,7,1,nvidia/mt4926/level-07/attempt-01,12,True,True,False,level_solved,12,0,False
nvidia,mt4926,mt4926-66d0222a,8,1,nvidia/mt4926/level-08/attempt-01,15,True,True,False,win,15,0,False
nvidia,ne4172,ne4172-fe2b50a3,1,1,nvidia/ne4172/level-01/attempt-01,15,True,True,False,level_solved,0,0,False
nvidia,ne4172,ne4172-fe2b50a3,2,1,nvidia/ne4172/level-02/attempt-01,21,True,True,False,level_solved,0,0,False
nvidia,ne4172,ne4172-fe2b50a3,3,1,nvidia/ne4172/level-03/attempt-01,21,True,True,False,level_solved,0,0,False
nvidia,ne4172,ne4172-fe2b50a3,4,1,nvidia/ne4172/level-04/attempt-01,16,False,False,True,native_level_reset,0,0,False
nvidia,ne4172,ne4172-fe2b50a3,4,2,nvidia/ne4172/level-04/attempt-02,51,True,True,False,level_solved,0,0,False
nvidia,ne4172,ne4172-fe2b50a3,5,1,nvidia/ne4172/level-05/attempt-01,55,True,True,False,level_solved,0,0,False
nvidia,ne4172,ne4172-fe2b50a3,6,1,nvidia/ne4172/level-06/attempt-01,57,True,True,False,level_solved,0,0,False
nvidia,ne4172,ne4172-fe2b50a3,7,1,nvidia/ne4172/level-07/attempt-01,61,True,True,False,level_solved,0,0,False
nvidia,ne4172,ne4172-fe2b50a3,8,1,nvidia/ne4172/level-08/attempt-01,76,True,True,False,win,0,0,False
nvidia,os1842,os1842-ca39ae90,1,1,nvidia/os1842/level-01/attempt-01,4,True,True,False,level_solved,4,0,True
nvidia,os1842,os1842-ca39ae90,2,1,nvidia/os1842/level-02/attempt-01,10,True,True,False,level_solved,10,0,False
nvidia,os1842,os1842-ca39ae90,3,1,nvidia/os1842/level-03/attempt-01,6,True,True,False,level_solved,6,0,False
nvidia,os1842,os1842-ca39ae90,4,1,nvidia/os1842/level-04/attempt-01,7,True,True,False,level_solved,7,0,False
nvidia,os1842,os1842-ca39ae90,5,1,nvidia/os1842/level-05/attempt-01,8,True,True,False,level_solved,8,0,False
nvidia,os1842,os1842-ca39ae90,6,1,nvidia/os1842/level-06/attempt-01,7,True,True,False,level_solved,7,0,False
nvidia,os1842,os1842-ca39ae90,7,1,nvidia/os1842/level-07/attempt-01,9,True,True,False,level_solved,9,0,False
nvidia,os1842,os1842-ca39ae90,8,1,nvidia/os1842/level-08/attempt-01,10,True,True,False,win,10,0,False
nvidia,ps1842,ps1842-539e99d4,1,1,nvidia/ps1842/level-01/attempt-01,2,True,True,False,level_solved,2,0,True
nvidia,ps1842,ps1842-539e99d4,2,1,nvidia/ps1842/level-02/attempt-01,6,True,True,False,level_solved,6,0,False
nvidia,ps1842,ps1842-539e99d4,3,1,nvidia/ps1842/level-03/attempt-01,2,True,True,False,level_solved,2,0,True
nvidia,ps1842,ps1842-539e99d4,4,1,nvidia/ps1842/level-04/attempt-01,6,True,True,False,level_solved,6,0,False
nvidia,ps1842,ps1842-539e99d4,5,1,nvidia/ps1842/level-05/attempt-01,13,True,True,False,level_solved,13,0,False
nvidia,ps1842,ps1842-539e99d4,6,1,nvidia/ps1842/level-06/attempt-01,14,True,True,False,level_solved,14,0,False
nvidia,ps1842,ps1842-539e99d4,7,1,nvidia/ps1842/level-07/attempt-01,13,True,True,False,level_solved,13,0,False
nvidia,ps1842,ps1842-539e99d4,8,1,nvidia/ps1842/level-08/attempt-01,7,True,True,False,win,7,0,False
nvidia,ps7413,ps7413-3a14ed61,1,1,nvidia/ps7413/level-01/attempt-01,8,True,True,False,level_solved,8,0,False
nvidia,ps7413,ps7413-3a14ed61,2,1,nvidia/ps7413/level-02/attempt-01,19,True,True,False,level_solved,19,0,False
nvidia,ps7413,ps7413-3a14ed61,3,1,nvidia/ps7413/level-03/attempt-01,32,True,True,False,level_solved,32,0,False
nvidia,ps7413,ps7413-3a14ed61,4,1,nvidia/ps7413/level-04/attempt-01,33,True,True,False,level_solved,33,0,False
nvidia,ps7413,ps7413-3a14ed61,5,1,nvidia/ps7413/level-05/attempt-01,51,True,True,False,level_solved,51,0,False
nvidia,ps7413,ps7413-3a14ed61,6,1,nvidia/ps7413/level-06/attempt-01,48,True,True,False,level_solved,48,0,False
nvidia,ps7413,ps7413-3a14ed61,7,1,nvidia/ps7413/level-07/attempt-01,76,True,True,False,level_solved,76,0,False
nvidia,ps7413,ps7413-3a14ed61,8,1,nvidia/ps7413/level-08/attempt-01,78,True,True,False,win,78,0,False
nvidia,rl2048,rl2048-8deeab8c,1,1,nvidia/rl2048/level-01/attempt-01,10,True,True,False,level_solved,10,0,False
nvidia,rl2048,rl2048-8deeab8c,2,1,nvidia/rl2048/level-02/attempt-01,12,True,True,False,level_solved,12,0,False
nvidia,rl2048,rl2048-8deeab8c,3,1,nvidia/rl2048/level-03/attempt-01,22,True,True,False,level_solved,22,0,False
nvidia,rl2048,rl2048-8deeab8c,4,1,nvidia/rl2048/level-04/attempt-01,14,True,True,False,level_solved,14,0,False
nvidia,rl2048,rl2048-8deeab8c,5,1,nvidia/rl2048/level-05/attempt-01,22,True,True,False,level_solved,22,0,False
nvidia,rl2048,rl2048-8deeab8c,6,1,nvidia/rl2048/level-06/attempt-01,12,True,True,False,level_solved,12,0,False
nvidia,rl2048,rl2048-8deeab8c,7,1,nvidia/rl2048/level-07/attempt-01,14,True,True,False,level_solved,14,0,False
nvidia,rl2048,rl2048-8deeab8c,8,1,nvidia/rl2048/level-08/attempt-01,24,True,True,False,win,24,0,False
nvidia,rs0427,rs0427-2c8b97d9,1,1,nvidia/rs0427/level-01/attempt-01,8,True,True,False,level_solved,0,0,False
nvidia,rs0427,rs0427-2c8b97d9,2,1,nvidia/rs0427/level-02/attempt-01,10,True,True,False,level_solved,0,0,False
nvidia,rs0427,rs0427-2c8b97d9,3,1,nvidia/rs0427/level-03/attempt-01,9,True,True,False,level_solved,0,0,False
nvidia,rs0427,rs0427-2c8b97d9,4,1,nvidia/rs0427/level-04/attempt-01,12,True,True,False,level_solved,0,0,False
nvidia,rs0427,rs0427-2c8b97d9,5,1,nvidia/rs0427/level-05/attempt-01,15,True,True,False,level_solved,0,0,False
nvidia,rs0427,rs0427-2c8b97d9,6,1,nvidia/rs0427/level-06/attempt-01,21,True,True,False,level_solved,0,0,False
nvidia,rs0427,rs0427-2c8b97d9,7,1,nvidia/rs0427/level-07/attempt-01,21,True,True,False,level_solved,0,0,False
nvidia,rs0427,rs0427-2c8b97d9,8,1,nvidia/rs0427/level-08/attempt-01,37,True,True,False,win,0,0,False
nvidia,sf2048,sf2048-f3d334c1,1,1,nvidia/sf2048/level-01/attempt-01,7,True,True,False,level_solved,7,0,False
nvidia,sf2048,sf2048-f3d334c1,2,1,nvidia/sf2048/level-02/attempt-01,9,True,True,False,level_solved,9,0,False
nvidia,sf2048,sf2048-f3d334c1,3,1,nvidia/sf2048/level-03/attempt-01,11,True,True,False,level_solved,11,0,False
nvidia,sf2048,sf2048-f3d334c1,4,1,nvidia/sf2048/level-04/attempt-01,10,True,True,False,level_solved,10,0,False
nvidia,sf2048,sf2048-f3d334c1,5,1,nvidia/sf2048/level-05/attempt-01,14,True,True,False,level_solved,14,0,False
nvidia,sf2048,sf2048-f3d334c1,6,1,nvidia/sf2048/level-06/attempt-01,14,True,True,False,level_solved,14,0,False
nvidia,sf2048,sf2048-f3d334c1,7,1,nvidia/sf2048/level-07/attempt-01,16,True,True,False,level_solved,16,0,False
nvidia,sf2048,sf2048-f3d334c1,8,1,nvidia/sf2048/level-08/attempt-01,21,True,True,False,win,21,0,False
nvidia,sl4821,sl4821-3b4e1b22,1,1,nvidia/sl4821/level-01/attempt-01,3,True,True,False,level_solved,3,0,True
nvidia,sl4821,sl4821-3b4e1b22,2,1,nvidia/sl4821/level-02/attempt-01,9,True,True,False,level_solved,9,0,False
nvidia,sl4821,sl4821-3b4e1b22,3,1,nvidia/sl4821/level-03/attempt-01,5,True,True,False,level_solved,5,0,True
nvidia,sl4821,sl4821-3b4e1b22,4,1,nvidia/sl4821/level-04/attempt-01,5,True,True,False,level_solved,5,0,True
nvidia,sl4821,sl4821-3b4e1b22,5,1,nvidia/sl4821/level-05/attempt-01,8,True,True,False,level_solved,8,0,False
nvidia,sl4821,sl4821-3b4e1b22,6,1,nvidia/sl4821/level-06/attempt-01,5,True,True,False,level_solved,5,0,True
nvidia,sl4821,sl4821-3b4e1b22,7,1,nvidia/sl4821/level-07/attempt-01,8,True,True,False,level_solved,8,0,False
nvidia,sl4821,sl4821-3b4e1b22,8,1,nvidia/sl4821/level-08/attempt-01,9,True,True,False,win,9,0,False
nvidia,ss6041,ss6041-1abeadb2,1,1,nvidia/ss6041/level-01/attempt-01,16,True,True,False,level_solved,16,0,False
nvidia,ss6041,ss6041-1abeadb2,2,1,nvidia/ss6041/level-02/attempt-01,19,True,True,False,level_solved,19,0,False
nvidia,ss6041,ss6041-1abeadb2,3,1,nvidia/ss6041/level-03/attempt-01,13,True,True,False,level_solved,13,0,False
nvidia,ss6041,ss6041-1abeadb2,4,1,nvidia/ss6041/level-04/attempt-01,20,True,True,False,level_solved,20,0,False
nvidia,ss6041,ss6041-1abeadb2,5,1,nvidia/ss6041/level-05/attempt-01,19,True,True,False,level_solved,19,0,False
nvidia,ss6041,ss6041-1abeadb2,6,1,nvidia/ss6041/level-06/attempt-01,17,True,True,False,level_solved,17,0,False
nvidia,ss6041,ss6041-1abeadb2,7,1,nvidia/ss6041/level-07/attempt-01,20,True,True,False,level_solved,20,0,False
nvidia,ss6041,ss6041-1abeadb2,8,1,nvidia/ss6041/level-08/attempt-01,21,True,True,False,win,21,0,False
nvidia,td4826,td4826-33bf03a4,1,1,nvidia/td4826/level-01/attempt-01,12,True,True,False,level_solved,0,0,False
nvidia,td4826,td4826-33bf03a4,2,1,nvidia/td4826/level-02/attempt-01,14,True,True,False,level_solved,0,0,False
nvidia,td4826,td4826-33bf03a4,3,1,nvidia/td4826/level-03/attempt-01,8,False,False,True,native_level_reset,0,0,False
nvidia,td4826,td4826-33bf03a4,3,2,nvidia/td4826/level-03/attempt-02,5,False,False,True,native_level_reset,0,0,True
nvidia,td4826,td4826-33bf03a4,3,3,nvidia/td4826/level-03/attempt-03,23,True,True,False,level_solved,0,0,False
nvidia,td4826,td4826-33bf03a4,4,1,nvidia/td4826/level-04/attempt-01,9,True,True,False,level_solved,0,0,False
nvidia,td4826,td4826-33bf03a4,5,1,nvidia/td4826/level-05/attempt-01,23,True,True,False,level_solved,0,0,False
nvidia,td4826,td4826-33bf03a4,6,1,nvidia/td4826/level-06/attempt-01,16,False,False,True,native_level_reset,0,0,False
nvidia,td4826,td4826-33bf03a4,6,2,nvidia/td4826/level-06/attempt-02,11,False,False,True,native_level_reset,0,0,False
nvidia,td4826,td4826-33bf03a4,6,3,nvidia/td4826/level-06/attempt-03,15,True,True,False,level_solved,0,0,False
nvidia,td4826,td4826-33bf03a4,7,1,nvidia/td4826/level-07/attempt-01,15,True,True,False,level_solved,0,0,False
nvidia,td4826,td4826-33bf03a4,8,1,nvidia/td4826/level-08/attempt-01,37,True,True,False,win,0,0,False
