source,game,game_id,games,levels,segments,attempts,solved_segments,unsolved_segments,truncated_segments,terminal_segments,short_segments,policy_actions,actions_per_segment_min,actions_per_segment_median,actions_per_segment_mean,actions_per_segment_max,clicks,undo_actions,level_solved_segments,win_segments,native_level_reset_segments,success_rate,first_attempt_solved_levels,native_responses,native_palette_frames,unknown_native_timestamps,native_game_over_responses,initialisation_resets,current_level_resets,game_wins
studio,sg01,sg01-4ac0337b8857411e,1,7,7,7,7,0,0,7,0,355,6,51,50.714286,86,0,0,6,1,0,1.0,7,356,362,356,0,1,0,1
studio,sg02,sg02-a882427e821f494d,1,7,7,7,7,0,0,7,3,83,2,8,11.857143,26,32,0,6,1,0,1.0,7,84,90,84,0,1,0,1
studio,sg03,sg03-94fea60caf164173,1,7,7,7,7,0,0,7,7,19,1,2,2.714286,5,12,0,6,1,0,1.0,7,20,67,20,0,1,0,1
studio,sg04,sg04-e137c80d4e4d4034,1,7,7,7,7,0,0,7,4,40,2,4,5.714286,14,18,0,6,1,0,1.0,7,41,47,41,0,1,0,1
studio,sg05,sg05-60ba78a9efe1498a,1,7,7,7,7,0,0,7,7,23,2,3,3.285714,5,23,0,6,1,0,1.0,7,24,53,24,0,1,0,1
studio,sg06,sg06-28c20e5036544f64,1,7,7,7,7,0,0,7,4,39,4,4,5.571429,8,39,0,6,1,0,1.0,7,40,46,40,0,1,0,1
studio,sg07,sg07-2ddb082daf9c4b50,1,7,7,7,7,0,0,7,2,68,1,8,9.714286,20,34,0,6,1,0,1.0,7,69,75,69,0,1,0,1
studio,sg08,sg08-4a1496ac8a7c47e3,1,7,7,7,7,0,0,7,2,63,1,10,9,15,0,0,6,1,0,1.0,7,64,70,64,0,1,0,1
studio,sg09,sg09-bf0d447a5c554cdc,1,7,7,7,7,0,0,7,0,189,6,31,27,38,23,0,6,1,0,1.0,7,190,196,190,0,1,0,1
studio,sg10,sg10-7b32ef91e45147d7,1,7,7,7,7,0,0,7,3,60,2,10,8.571429,15,16,0,6,1,0,1.0,7,61,67,61,0,1,0,1
studio,sg11,sg11-106d370a94b94f84,1,7,7,7,7,0,0,7,2,67,2,9,9.571429,18,60,0,6,1,0,1.0,7,68,74,68,0,1,0,1
studio,sg12,sg12-d5101b0e3113467e,1,7,7,7,7,0,0,7,0,81,6,10,11.571429,19,0,0,6,1,0,1.0,7,82,88,82,0,1,0,1
studio,sg13,sg13-3c8c8fdc6c6649c2,1,7,7,7,7,0,0,7,2,120,2,16,17.142857,38,94,0,6,1,0,1.0,7,121,187,121,0,1,0,1
studio,sg14,sg14-c58da490e7e443bd,1,7,7,7,7,0,0,7,1,154,2,17,22,49,0,0,6,1,0,1.0,7,155,161,155,0,1,0,1
studio,sg15,sg15-b1f511b9708042eb,1,7,7,7,7,0,0,7,5,29,1,4,4.142857,8,25,0,6,1,0,1.0,7,30,36,30,0,1,0,1
studio,sg16,sg16-a9e5cdf05c8e4859,1,7,7,7,7,0,0,7,6,23,1,3,3.285714,6,23,0,6,1,0,1.0,7,24,53,24,0,1,0,1
studio,sg17,sg17-fb94f8992a9540b1,1,7,7,7,7,0,0,7,3,100,2,12,14.285714,34,0,2,6,1,0,1.0,7,101,107,101,0,1,0,1
studio,sg18,sg18-af8d11e58ac94cd7,1,7,7,7,7,0,0,7,3,106,1,7,15.142857,33,102,4,6,1,0,1.0,7,107,113,107,0,1,0,1
studio,sg19,sg19-25a14e907e1c463d,1,7,7,7,7,0,0,7,4,44,1,5,6.285714,14,44,0,6,1,0,1.0,7,45,51,45,0,1,0,1
studio,sg20,sg20-a3b73a0fda9e4006,1,7,7,7,7,0,0,7,3,52,1,7,7.428571,16,52,0,6,1,0,1.0,7,53,59,53,0,1,0,1
studio,sg21,sg21-809cfa39d3fa4757,1,7,7,7,7,0,0,7,3,35,1,6,5,8,35,0,6,1,0,1.0,7,36,42,36,0,1,0,1
studio,sg22,sg22-a911173626904645,1,7,7,7,7,0,0,7,2,53,1,7,7.571429,16,14,0,6,1,0,1.0,7,54,60,54,0,1,0,1
studio,sg23,sg23-bb0b94dd75ad4169,1,7,7,7,7,0,0,7,5,31,1,4,4.428571,8,25,0,6,1,0,1.0,7,32,38,32,0,1,0,1
studio,sg24,sg24-c5553d90bc44437d,1,7,7,7,7,0,0,7,0,199,12,31,28.428571,44,0,0,6,1,0,1.0,7,200,206,200,0,1,0,1
studio,sg25,sg25-1ec41211c870430e,1,7,7,7,7,0,0,7,4,53,1,4,7.571429,21,0,0,6,1,0,1.0,7,54,167,54,0,1,0,1
studio,sg26,sg26-552d5d2ce2b44fe2,1,7,7,7,7,0,0,7,5,29,1,4,4.142857,8,29,0,6,1,0,1.0,7,30,65,30,0,1,0,1
studio,sg27,sg27-1b5a0ff3fa874c96,1,7,7,7,7,0,0,7,3,84,2,8,12,25,0,0,6,1,0,1.0,7,85,108,85,0,1,0,1
studio,sg28,sg28-c27ff0a54fbd4413,1,7,7,7,7,0,0,7,4,55,2,5,7.857143,26,12,1,6,1,0,1.0,7,56,62,56,0,1,0,1
studio,sg29,sg29-2ece60f659c04e37,1,7,7,7,7,0,0,7,2,66,3,7,9.428571,19,0,0,6,1,0,1.0,7,67,131,67,0,1,0,1
studio,sg30,sg30-8570298dc9744ad3,1,7,7,7,7,0,0,7,6,24,1,3,3.428571,7,24,0,6,1,0,1.0,7,25,31,25,0,1,0,1
nvidia,al7306,al7306-000afcc7,1,8,8,8,8,0,0,8,0,174,9,21.0,21.75,37,174,0,7,1,0,1.0,8,175,182,175,0,1,0,1
nvidia,cc2048,cc2048-f080c4af,1,8,8,8,8,0,0,8,0,158,16,20.0,19.75,21,0,0,7,1,0,1.0,8,159,166,159,0,1,0,1
nvidia,cg1842,cg1842-e7600c9f,1,8,8,8,8,0,0,8,0,177,15,21.0,22.125,33,0,0,7,1,0,1.0,8,178,185,178,0,1,0,1
nvidia,cl0426,cl0426-c5dfa3ac,1,8,8,8,8,0,0,8,0,74,6,10.0,9.25,12,74,0,7,1,0,1.0,8,75,82,75,0,1,0,1
nvidia,df4821,df4821-818c2c5e,1,8,8,8,8,0,0,8,0,182,14,22.0,22.75,38,182,0,7,1,0,1.0,8,183,190,183,0,1,0,1
nvidia,dl4827,dl4827-b8768101,1,8,8,8,8,0,0,8,0,226,12,29.0,28.25,37,29,0,7,1,0,1.0,8,227,234,227,0,1,0,1
nvidia,fl5273,fl5273-6a25a72a,1,8,8,8,8,0,0,8,0,200,9,23.0,25,48,0,0,7,1,0,1.0,8,201,208,201,0,1,0,1
nvidia,fw4821,fw4821-98cb6b43,1,8,8,8,8,0,0,8,0,79,8,9.0,9.875,15,79,0,7,1,0,1.0,8,80,87,80,0,1,0,1
nvidia,gc4721,gc4721-78997285,1,8,8,8,8,0,0,8,0,119,7,15.0,14.875,21,119,0,7,1,0,1.0,8,120,127,120,0,1,0,1
nvidia,hr2048,hr2048-b96419ed,1,8,8,8,8,0,0,8,0,124,10,15.5,15.5,19,124,0,7,1,0,1.0,8,125,132,125,0,1,0,1
nvidia,ll4821,ll4821-9da7c9ef,1,8,8,8,8,0,0,8,0,118,8,15.0,14.75,22,0,0,7,1,0,1.0,8,119,126,119,0,1,0,1
nvidia,ma4173,ma4173-177dbde4,1,8,8,8,8,0,0,8,0,111,10,13.5,13.875,19,0,0,7,1,0,1.0,8,112,119,112,0,1,0,1
nvidia,mb2741,mb2741-094cefb3,1,8,8,8,8,0,0,8,0,112,10,15.0,14,17,0,0,7,1,0,1.0,8,113,120,113,0,1,0,1
nvidia,ml2048,ml2048-a6677a07,1,8,8,8,8,0,0,8,0,128,8,14.5,16,23,37,0,7,1,0,1.0,8,129,136,129,0,1,0,1
nvidia,mt4926,mt4926-66d0222a,1,8,8,8,8,0,0,8,0,93,6,10.0,11.625,20,93,0,7,1,0,1.0,8,94,101,94,0,1,0,1
nvidia,ne4172,ne4172-fe2b50a3,1,8,9,9,8,1,1,8,0,373,15,51,41.444444,76,0,0,7,1,1,0.8888888888888888,7,375,382,375,0,1,1,1
nvidia,os1842,os1842-ca39ae90,1,8,8,8,8,0,0,8,1,61,4,7.5,7.625,10,61,0,7,1,0,1.0,8,62,69,62,0,1,0,1
nvidia,ps1842,ps1842-539e99d4,1,8,8,8,8,0,0,8,2,63,2,6.5,7.875,14,63,0,7,1,0,1.0,8,64,71,64,0,1,0,1
nvidia,ps7413,ps7413-3a14ed61,1,8,8,8,8,0,0,8,0,345,8,40.5,43.125,78,345,0,7,1,0,1.0,8,346,353,346,0,1,0,1
nvidia,rl2048,rl2048-8deeab8c,1,8,8,8,8,0,0,8,0,130,10,14.0,16.25,24,130,0,7,1,0,1.0,8,131,138,131,0,1,0,1
nvidia,rs0427,rs0427-2c8b97d9,1,8,8,8,8,0,0,8,0,133,8,13.5,16.625,37,0,0,7,1,0,1.0,8,134,141,134,0,1,0,1
nvidia,sf2048,sf2048-f3d334c1,1,8,8,8,8,0,0,8,0,102,7,12.5,12.75,21,102,0,7,1,0,1.0,8,103,110,103,0,1,0,1
nvidia,sl4821,sl4821-3b4e1b22,1,8,8,8,8,0,0,8,4,52,3,6.5,6.5,9,52,0,7,1,0,1.0,8,53,60,53,0,1,0,1
nvidia,ss6041,ss6041-1abeadb2,1,8,8,8,8,0,0,8,0,145,13,19.0,18.125,21,145,0,7,1,0,1.0,8,146,153,146,0,1,0,1
nvidia,td4826,td4826-33bf03a4,1,8,12,12,8,4,4,8,1,188,5,14.5,15.666667,37,0,0,7,1,4,0.6666666666666666,6,193,200,193,0,1,4,1
